_id,Estado,CodMunicipio,MUNICIPIO
1,AGUASCALIENTES,1,AGUASCALIENTES
2,AGUASCALIENTES,2,ASIENTOS
3,AGUASCALIENTES,3,CALVILLO
4,AGUASCALIENTES,4,COSÍO
5,AGUASCALIENTES,5,JESÚS MARÍA
6,AGUASCALIENTES,6,PABELLÓN DE ARTEAGA
7,AGUASCALIENTES,7,RINCÓN DE ROMOS
8,AGUASCALIENTES,8,SAN JOSÉ DE GRACIA
9,AGUASCALIENTES,9,TEPEZALÁ
10,AGUASCALIENTES,10,EL LLANO
11,AGUASCALIENTES,11,SAN FRANCISCO DE LOS ROMO
12,BAJA CALIFORNIA,1,ENSENADA
13,BAJA CALIFORNIA,2,MEXICALI
14,BAJA CALIFORNIA,3,TECATE
15,BAJA CALIFORNIA,4,TIJUANA
16,BAJA CALIFORNIA,5,PLAYAS DE ROSARITO
17,BAJA CALIFORNIA,6,SAN QUINTÍN
18,BAJA CALIFORNIA,7,SAN FELIPE
19,BAJA CALIFORNIA SUR,1,COMONDÚ
20,BAJA CALIFORNIA SUR,2,MULEGÉ
21,BAJA CALIFORNIA SUR,3,LA PAZ
22,BAJA CALIFORNIA SUR,8,LOS CABOS
23,BAJA CALIFORNIA SUR,9,LORETO
24,CAMPECHE,1,CALKINÍ
25,CAMPECHE,2,CAMPECHE
26,CAMPECHE,3,CARMEN
27,CAMPECHE,4,CHAMPOTÓN
28,CAMPECHE,5,HECELCHAKÁN
29,CAMPECHE,6,HOPELCHÉN
30,CAMPECHE,7,PALIZADA
31,CAMPECHE,8,TENABO
32,CAMPECHE,9,ESCÁRCEGA
33,CAMPECHE,10,CALAKMUL
34,CAMPECHE,11,CANDELARIA
35,CAMPECHE,12,SEYBAPLAYA
36,CAMPECHE,13,DZITBALCHÉ
37,COAHUILA DE ZARAGOZA,1,ABASOLO
38,COAHUILA DE ZARAGOZA,2,ACUÑA
39,COAHUILA DE ZARAGOZA,3,ALLENDE
40,COAHUILA DE ZARAGOZA,4,ARTEAGA
41,COAHUILA DE ZARAGOZA,5,CANDELA
42,COAHUILA DE ZARAGOZA,6,CASTAÑOS
43,COAHUILA DE ZARAGOZA,7,CUATRO CIÉNEGAS
44,COAHUILA DE ZARAGOZA,8,ESCOBEDO
45,COAHUILA DE ZARAGOZA,9,FRANCISCO I. MADERO
46,COAHUILA DE ZARAGOZA,10,FRONTERA
47,COAHUILA DE ZARAGOZA,11,GENERAL CEPEDA
48,COAHUILA DE ZARAGOZA,12,GUERRERO
49,COAHUILA DE ZARAGOZA,13,HIDALGO
50,COAHUILA DE ZARAGOZA,14,JIMÉNEZ
51,COAHUILA DE ZARAGOZA,15,JUÁREZ
52,COAHUILA DE ZARAGOZA,16,LAMADRID
53,COAHUILA DE ZARAGOZA,17,MATAMOROS
54,COAHUILA DE ZARAGOZA,18,MONCLOVA
55,COAHUILA DE ZARAGOZA,19,MORELOS
56,COAHUILA DE ZARAGOZA,20,MÚZQUIZ
57,COAHUILA DE ZARAGOZA,21,NADADORES
58,COAHUILA DE ZARAGOZA,22,NAVA
59,COAHUILA DE ZARAGOZA,23,OCAMPO
60,COAHUILA DE ZARAGOZA,24,PARRAS
61,COAHUILA DE ZARAGOZA,25,PIEDRAS NEGRAS
62,COAHUILA DE ZARAGOZA,26,PROGRESO
63,COAHUILA DE ZARAGOZA,27,RAMOS ARIZPE
64,COAHUILA DE ZARAGOZA,28,SABINAS
65,COAHUILA DE ZARAGOZA,29,SACRAMENTO
66,COAHUILA DE ZARAGOZA,30,SALTILLO
67,COAHUILA DE ZARAGOZA,31,SAN BUENAVENTURA
68,COAHUILA DE ZARAGOZA,32,SAN JUAN DE SABINAS
69,COAHUILA DE ZARAGOZA,33,SAN PEDRO
70,COAHUILA DE ZARAGOZA,34,SIERRA MOJADA
71,COAHUILA DE ZARAGOZA,35,TORREÓN
72,COAHUILA DE ZARAGOZA,36,VIESCA
73,COAHUILA DE ZARAGOZA,37,VILLA UNIÓN
74,COAHUILA DE ZARAGOZA,38,ZARAGOZA
75,COLIMA,1,ARMERÍA
76,COLIMA,2,COLIMA
77,COLIMA,3,COMALA
78,COLIMA,4,COQUIMATLÁN
79,COLIMA,5,CUAUHTÉMOC
80,COLIMA,6,IXTLAHUACÁN
81,COLIMA,7,MANZANILLO
82,COLIMA,8,MINATITLÁN
83,COLIMA,9,TECOMÁN
84,COLIMA,10,VILLA DE ÁLVAREZ
85,CHIAPAS,1,ACACOYAGUA
86,CHIAPAS,2,ACALA
87,CHIAPAS,3,ACAPETAHUA
88,CHIAPAS,4,ALTAMIRANO
89,CHIAPAS,5,AMATÁN
90,CHIAPAS,6,AMATENANGO DE LA FRONTERA
91,CHIAPAS,7,AMATENANGO DEL VALLE
92,CHIAPAS,8,ÁNGEL ALBINO CORZO
93,CHIAPAS,9,ARRIAGA
94,CHIAPAS,10,BEJUCAL DE OCAMPO
95,CHIAPAS,11,BELLA VISTA
96,CHIAPAS,12,BERRIOZÁBAL
97,CHIAPAS,13,BOCHIL
98,CHIAPAS,14,EL BOSQUE
99,CHIAPAS,15,CACAHOATÁN
100,CHIAPAS,16,CATAZAJÁ
101,CHIAPAS,17,CINTALAPA DE FIGUEROA
102,CHIAPAS,18,COAPILLA
103,CHIAPAS,19,COMITÁN DE DOMÍNGUEZ
104,CHIAPAS,20,LA CONCORDIA
105,CHIAPAS,21,COPAINALÁ
106,CHIAPAS,22,CHALCHIHUITÁN
107,CHIAPAS,23,CHAMULA
108,CHIAPAS,24,CHANAL
109,CHIAPAS,25,CHAPULTENANGO
110,CHIAPAS,26,CHENALHÓ
111,CHIAPAS,27,CHIAPA DE CORZO
112,CHIAPAS,28,CHIAPILLA
113,CHIAPAS,29,CHICOASÉN
114,CHIAPAS,30,CHICOMUSELO
115,CHIAPAS,31,CHILÓN
116,CHIAPAS,32,ESCUINTLA
117,CHIAPAS,33,FRANCISCO LEÓN
118,CHIAPAS,34,FRONTERA COMALAPA
119,CHIAPAS,35,FRONTERA HIDALGO
120,CHIAPAS,36,LA GRANDEZA
121,CHIAPAS,37,HUEHUETÁN
122,CHIAPAS,38,HUIXTÁN
123,CHIAPAS,39,HUITIUPÁN
124,CHIAPAS,40,HUIXTLA
125,CHIAPAS,41,LA INDEPENDENCIA
126,CHIAPAS,42,IXHUATÁN
127,CHIAPAS,43,IXTACOMITÁN
128,CHIAPAS,44,IXTAPA
129,CHIAPAS,45,IXTAPANGAJOYA
130,CHIAPAS,46,JIQUIPILAS
131,CHIAPAS,47,JITOTOL
132,CHIAPAS,48,JUÁREZ
133,CHIAPAS,49,LARRÁINZAR
134,CHIAPAS,50,LA LIBERTAD
135,CHIAPAS,51,MAPASTEPEC
136,CHIAPAS,52,LAS MARGARITAS
137,CHIAPAS,53,MAZAPA DE MADERO
138,CHIAPAS,54,MAZATÁN
139,CHIAPAS,55,METAPA
140,CHIAPAS,56,MITONTIC
141,CHIAPAS,57,MOTOZINTLA
142,CHIAPAS,58,NICOLÁS RUÍZ
143,CHIAPAS,59,OCOSINGO
144,CHIAPAS,60,OCOTEPEC
145,CHIAPAS,61,OCOZOCOAUTLA DE ESPINOSA
146,CHIAPAS,62,OSTUACÁN
147,CHIAPAS,63,OSUMACINTA
148,CHIAPAS,64,OXCHUC
149,CHIAPAS,65,PALENQUE
150,CHIAPAS,66,PANTELHÓ
151,CHIAPAS,67,PANTEPEC
152,CHIAPAS,68,PICHUCALCO
153,CHIAPAS,69,PIJIJIAPAN
154,CHIAPAS,70,EL PORVENIR
155,CHIAPAS,71,VILLA COMALTITLÁN
156,CHIAPAS,72,PUEBLO NUEVO SOLISTAHUACÁN
157,CHIAPAS,73,RAYÓN
158,CHIAPAS,74,REFORMA
159,CHIAPAS,75,LAS ROSAS
160,CHIAPAS,76,SABANILLA
161,CHIAPAS,77,SALTO DE AGUA
162,CHIAPAS,78,SAN CRISTÓBAL DE LAS CASAS
163,CHIAPAS,79,SAN FERNANDO
164,CHIAPAS,80,SILTEPEC
165,CHIAPAS,81,SIMOJOVEL
166,CHIAPAS,82,SITALÁ
167,CHIAPAS,83,SOCOLTENANGO
168,CHIAPAS,84,SOLOSUCHIAPA
169,CHIAPAS,85,SOYALÓ
170,CHIAPAS,86,SUCHIAPA
171,CHIAPAS,87,SUCHIATE
172,CHIAPAS,88,SUNUAPA
173,CHIAPAS,89,TAPACHULA
174,CHIAPAS,90,TAPALAPA
175,CHIAPAS,91,TAPILULA
176,CHIAPAS,92,TECPATÁN
177,CHIAPAS,93,TENEJAPA
178,CHIAPAS,94,TEOPISCA
179,CHIAPAS,96,TILA
180,CHIAPAS,97,TONALÁ
181,CHIAPAS,98,TOTOLAPA
182,CHIAPAS,99,LA TRINITARIA
183,CHIAPAS,100,TUMBALÁ
184,CHIAPAS,101,TUXTLA GUTIÉRREZ
185,CHIAPAS,102,TUXTLA CHICO
186,CHIAPAS,103,TUZANTÁN
187,CHIAPAS,104,TZIMOL
188,CHIAPAS,105,UNIÓN JUÁREZ
189,CHIAPAS,106,VENUSTIANO CARRANZA
190,CHIAPAS,107,VILLA CORZO
191,CHIAPAS,108,VILLAFLORES
192,CHIAPAS,109,YAJALÓN
193,CHIAPAS,110,SAN LUCAS
194,CHIAPAS,111,ZINACANTÁN
195,CHIAPAS,112,SAN JUAN CANCUC
196,CHIAPAS,113,ALDAMA
197,CHIAPAS,114,BENEMÉRITO DE LAS AMÉRICAS
198,CHIAPAS,115,MARAVILLA TENEJAPA
199,CHIAPAS,116,MARQUÉS DE COMILLAS
200,CHIAPAS,117,MONTECRISTO DE GUERRERO
201,CHIAPAS,118,SAN ANDRÉS DURAZNAL
202,CHIAPAS,119,SANTIAGO EL PINAR
203,CHIAPAS,120,CAPITÁN LUIS ÁNGEL VIDAL
204,CHIAPAS,121,RINCÓN CHAMULA SAN PEDRO
205,CHIAPAS,122,EL PARRAL
206,CHIAPAS,123,EMILIANO ZAPATA
207,CHIAPAS,124,MEZCALAPA
208,CHIAPAS,125,HONDURAS DE LA SIERRA
209,CHIHUAHUA,1,AHUMADA
210,CHIHUAHUA,2,ALDAMA
211,CHIHUAHUA,3,ALLENDE
212,CHIHUAHUA,4,AQUILES SERDÁN
213,CHIHUAHUA,5,ASCENSIÓN
214,CHIHUAHUA,6,BACHÍNIVA
215,CHIHUAHUA,7,BALLEZA
216,CHIHUAHUA,8,BATOPILAS DE MANUEL GÓMEZ MORÍN
217,CHIHUAHUA,9,BOCOYNA
218,CHIHUAHUA,10,BUENAVENTURA
219,CHIHUAHUA,11,CAMARGO
220,CHIHUAHUA,12,CARICHÍ
221,CHIHUAHUA,13,CASAS GRANDES
222,CHIHUAHUA,14,CORONADO
223,CHIHUAHUA,15,COYAME DEL SOTOL
224,CHIHUAHUA,16,LA CRUZ
225,CHIHUAHUA,17,CUAUHTÉMOC
226,CHIHUAHUA,18,CUSIHUIRIACHI
227,CHIHUAHUA,19,CHIHUAHUA
228,CHIHUAHUA,20,CHÍNIPAS
229,CHIHUAHUA,21,DELICIAS
230,CHIHUAHUA,22,DR. BELISARIO DOMÍNGUEZ
231,CHIHUAHUA,23,GALEANA
232,CHIHUAHUA,24,SANTA ISABEL
233,CHIHUAHUA,25,GÓMEZ FARÍAS
234,CHIHUAHUA,26,GRAN MORELOS
235,CHIHUAHUA,27,GUACHOCHI
236,CHIHUAHUA,28,GUADALUPE
237,CHIHUAHUA,29,GUADALUPE Y CALVO
238,CHIHUAHUA,30,GUAZAPARES
239,CHIHUAHUA,31,GUERRERO
240,CHIHUAHUA,32,HIDALGO DEL PARRAL
241,CHIHUAHUA,33,HUEJOTITÁN
242,CHIHUAHUA,34,IGNACIO ZARAGOZA
243,CHIHUAHUA,35,JANOS
244,CHIHUAHUA,36,JIMÉNEZ
245,CHIHUAHUA,37,JUÁREZ
246,CHIHUAHUA,38,JULIMES
247,CHIHUAHUA,39,LÓPEZ
248,CHIHUAHUA,40,MADERA
249,CHIHUAHUA,41,MAGUARICHI
250,CHIHUAHUA,42,MANUEL BENAVIDES
251,CHIHUAHUA,43,MATACHÍ
252,CHIHUAHUA,44,MATAMOROS
253,CHIHUAHUA,45,MEOQUI
254,CHIHUAHUA,46,MORELOS
255,CHIHUAHUA,47,MORIS
256,CHIHUAHUA,48,NAMIQUIPA
257,CHIHUAHUA,49,NONOAVA
258,CHIHUAHUA,50,NUEVO CASAS GRANDES
259,CHIHUAHUA,51,OCAMPO
260,CHIHUAHUA,52,OJINAGA
261,CHIHUAHUA,53,PRAXEDIS G. GUERRERO
262,CHIHUAHUA,54,RIVA PALACIO
263,CHIHUAHUA,55,ROSALES
264,CHIHUAHUA,56,ROSARIO
265,CHIHUAHUA,57,SAN FRANCISCO DE BORJA
266,CHIHUAHUA,58,SAN FRANCISCO DE CONCHOS
267,CHIHUAHUA,59,SAN FRANCISCO DEL ORO
268,CHIHUAHUA,60,SANTA BÁRBARA
269,CHIHUAHUA,61,SATEVÓ
270,CHIHUAHUA,62,SAUCILLO
271,CHIHUAHUA,63,TEMÓSACHIC
272,CHIHUAHUA,64,EL TULE
273,CHIHUAHUA,65,URIQUE
274,CHIHUAHUA,66,URUACHI
275,CHIHUAHUA,67,VALLE DE ZARAGOZA
276,CIUDAD DE MÉXICO,2,AZCAPOTZALCO
277,CIUDAD DE MÉXICO,3,COYOACÁN
278,CIUDAD DE MÉXICO,4,CUAJIMALPA DE MORELOS
279,CIUDAD DE MÉXICO,5,GUSTAVO A. MADERO
280,CIUDAD DE MÉXICO,6,IZTACALCO
281,CIUDAD DE MÉXICO,7,IZTAPALAPA
282,CIUDAD DE MÉXICO,8,LA MAGDALENA CONTRERAS
283,CIUDAD DE MÉXICO,9,MILPA ALTA
284,CIUDAD DE MÉXICO,10,ÁLVARO OBREGÓN
285,CIUDAD DE MÉXICO,11,TLÁHUAC
286,CIUDAD DE MÉXICO,12,TLALPAN
287,CIUDAD DE MÉXICO,13,XOCHIMILCO
288,CIUDAD DE MÉXICO,14,BENITO JUÁREZ
289,CIUDAD DE MÉXICO,15,CUAUHTÉMOC
290,CIUDAD DE MÉXICO,16,MIGUEL HIDALGO
291,CIUDAD DE MÉXICO,17,VENUSTIANO CARRANZA
292,DURANGO,1,CANATLÁN
293,DURANGO,2,CANELAS
294,DURANGO,3,CONETO DE COMONFORT
295,DURANGO,4,CUENCAMÉ
296,DURANGO,5,DURANGO
297,DURANGO,6,GENERAL SIMÓN BOLÍVAR
298,DURANGO,7,GÓMEZ PALACIO
299,DURANGO,8,GUADALUPE VICTORIA
300,DURANGO,9,GUANACEVÍ
301,DURANGO,10,HIDALGO
302,DURANGO,11,INDÉ
303,DURANGO,12,LERDO
304,DURANGO,13,MAPIMÍ
305,DURANGO,14,MEZQUITAL
306,DURANGO,15,NAZAS
307,DURANGO,16,NOMBRE DE DIOS
308,DURANGO,17,OCAMPO
309,DURANGO,18,EL ORO
310,DURANGO,19,OTÁEZ
311,DURANGO,20,PÁNUCO DE CORONADO
312,DURANGO,21,PEÑÓN BLANCO
313,DURANGO,22,POANAS
314,DURANGO,23,PUEBLO NUEVO
315,DURANGO,24,RODEO
316,DURANGO,25,SAN BERNARDO
317,DURANGO,26,SAN DIMAS
318,DURANGO,27,SAN JUAN DE GUADALUPE
319,DURANGO,28,SAN JUAN DEL RÍO
320,DURANGO,29,SAN LUIS DEL CORDERO
321,DURANGO,30,SAN PEDRO DEL GALLO
322,DURANGO,31,SANTA CLARA
323,DURANGO,32,SANTIAGO PAPASQUIARO
324,DURANGO,33,SÚCHIL
325,DURANGO,34,TAMAZULA
326,DURANGO,35,TEPEHUANES
327,DURANGO,36,TLAHUALILO
328,DURANGO,37,TOPIA
329,DURANGO,38,VICENTE GUERRERO
330,DURANGO,39,NUEVO IDEAL
331,GUANAJUATO,1,ABASOLO
332,GUANAJUATO,2,ACÁMBARO
333,GUANAJUATO,3,SAN MIGUEL DE ALLENDE
334,GUANAJUATO,4,APASEO EL ALTO
335,GUANAJUATO,5,APASEO EL GRANDE
336,GUANAJUATO,6,ATARJEA
337,GUANAJUATO,7,CELAYA
338,GUANAJUATO,8,MANUEL DOBLADO
339,GUANAJUATO,9,COMONFORT
340,GUANAJUATO,10,CORONEO
341,GUANAJUATO,11,CORTAZAR
342,GUANAJUATO,12,CUERÁMARO
343,GUANAJUATO,13,DOCTOR MORA
344,GUANAJUATO,14,DOLORES HIDALGO CUNA DE LA INDEPENDENCIA NACIONAL
345,GUANAJUATO,15,GUANAJUATO
346,GUANAJUATO,16,HUANÍMARO
347,GUANAJUATO,17,IRAPUATO
348,GUANAJUATO,18,JARAL DEL PROGRESO
349,GUANAJUATO,19,JERÉCUARO
350,GUANAJUATO,20,LEÓN
351,GUANAJUATO,21,MOROLEÓN
352,GUANAJUATO,22,OCAMPO
353,GUANAJUATO,23,PÉNJAMO
354,GUANAJUATO,24,PUEBLO NUEVO
355,GUANAJUATO,25,PURÍSIMA DEL RINCÓN
356,GUANAJUATO,26,ROMITA
357,GUANAJUATO,27,SALAMANCA
358,GUANAJUATO,28,SALVATIERRA
359,GUANAJUATO,29,SAN DIEGO DE LA UNIÓN
360,GUANAJUATO,30,SAN FELIPE
361,GUANAJUATO,31,SAN FRANCISCO DEL RINCÓN
362,GUANAJUATO,32,SAN JOSÉ ITURBIDE
363,GUANAJUATO,33,SAN LUIS DE LA PAZ
364,GUANAJUATO,34,SANTA CATARINA
365,GUANAJUATO,35,SANTA CRUZ DE JUVENTINO ROSAS
366,GUANAJUATO,36,SANTIAGO MARAVATÍO
367,GUANAJUATO,37,SILAO DE LA VICTORIA
368,GUANAJUATO,38,TARANDACUAO
369,GUANAJUATO,39,TARIMORO
370,GUANAJUATO,40,TIERRA BLANCA
371,GUANAJUATO,41,URIANGATO
372,GUANAJUATO,42,VALLE DE SANTIAGO
373,GUANAJUATO,43,VICTORIA
374,GUANAJUATO,44,VILLAGRÁN
375,GUANAJUATO,45,XICHÚ
376,GUANAJUATO,46,YURIRIA
377,GUERRERO,1,ACAPULCO DE JUÁREZ
378,GUERRERO,2,AHUACUOTZINGO
379,GUERRERO,3,AJUCHITLÁN DEL PROGRESO
380,GUERRERO,4,ALCOZAUCA DE GUERRERO
381,GUERRERO,5,ALPOYECA
382,GUERRERO,6,APAXTLA
383,GUERRERO,7,ARCELIA
384,GUERRERO,8,ATENANGO DEL RÍO
385,GUERRERO,9,ATLAMAJALCINGO DEL MONTE
386,GUERRERO,10,ATLIXTAC
387,GUERRERO,11,ATOYAC DE ÁLVAREZ
388,GUERRERO,12,AYUTLA DE LOS LIBRES
389,GUERRERO,13,AZOYÚ
390,GUERRERO,14,BENITO JUÁREZ
391,GUERRERO,15,BUENAVISTA DE CUÉLLAR
392,GUERRERO,16,COAHUAYUTLA DE JOSÉ MARÍA IZAZAGA
393,GUERRERO,17,COCULA
394,GUERRERO,18,COPALA
395,GUERRERO,19,COPALILLO
396,GUERRERO,20,COPANATOYAC
397,GUERRERO,21,COYUCA DE BENÍTEZ
398,GUERRERO,22,COYUCA DE CATALÁN
399,GUERRERO,23,CUAJINICUILAPA
400,GUERRERO,24,CUALÁC
401,GUERRERO,25,CUAUTEPEC
402,GUERRERO,26,CUETZALA DEL PROGRESO
403,GUERRERO,27,CUTZAMALA DE PINZÓN
404,GUERRERO,28,CHILAPA DE ÁLVAREZ
405,GUERRERO,29,CHILPANCINGO DE LOS BRAVO
406,GUERRERO,30,FLORENCIO VILLARREAL
407,GUERRERO,31,GENERAL CANUTO A. NERI
408,GUERRERO,32,GENERAL HELIODORO CASTILLO
409,GUERRERO,33,HUAMUXTITLÁN
410,GUERRERO,34,HUITZUCO DE LOS FIGUEROA
411,GUERRERO,35,IGUALA DE LA INDEPENDENCIA
412,GUERRERO,36,IGUALAPA
413,GUERRERO,37,IXCATEOPAN DE CUAUHTÉMOC
414,GUERRERO,38,ZIHUATANEJO DE AZUETA
415,GUERRERO,39,JUAN R. ESCUDERO
416,GUERRERO,40,LEONARDO BRAVO
417,GUERRERO,41,MALINALTEPEC
418,GUERRERO,42,MÁRTIR DE CUILAPAN
419,GUERRERO,43,METLATÓNOC
420,GUERRERO,44,MOCHITLÁN
421,GUERRERO,45,OLINALÁ
422,GUERRERO,46,OMETEPEC
423,GUERRERO,47,PEDRO ASCENCIO ALQUISIRAS
424,GUERRERO,48,PETATLÁN
425,GUERRERO,49,PILCAYA
426,GUERRERO,50,PUNGARABATO
427,GUERRERO,51,QUECHULTENANGO
428,GUERRERO,52,SAN LUIS ACATLÁN
429,GUERRERO,53,SAN MARCOS
430,GUERRERO,54,SAN MIGUEL TOTOLAPAN
431,GUERRERO,55,TAXCO DE ALARCÓN
432,GUERRERO,56,TECOANAPA
433,GUERRERO,57,TÉCPAN DE GALEANA
434,GUERRERO,58,TELOLOAPAN
435,GUERRERO,59,TEPECOACUILCO DE TRUJANO
436,GUERRERO,60,TETIPAC
437,GUERRERO,61,TIXTLA DE GUERRERO
438,GUERRERO,62,TLACOACHISTLAHUACA
439,GUERRERO,63,TLACOAPA
440,GUERRERO,64,TLALCHAPA
441,GUERRERO,65,TLALIXTAQUILLA DE MALDONADO
442,GUERRERO,66,TLAPA DE COMONFORT
443,GUERRERO,67,TLAPEHUALA
444,GUERRERO,68,LA UNIÓN DE ISIDORO MONTES DE OCA
445,GUERRERO,69,XALPATLÁHUAC
446,GUERRERO,70,XOCHIHUEHUETLÁN
447,GUERRERO,71,XOCHISTLAHUACA
448,GUERRERO,72,ZAPOTITLÁN TABLAS
449,GUERRERO,73,ZIRÁNDARO
450,GUERRERO,74,ZITLALA
451,GUERRERO,75,EDUARDO NERI
452,GUERRERO,76,ACATEPEC
453,GUERRERO,77,MARQUELIA
454,GUERRERO,78,COCHOAPA EL GRANDE
455,GUERRERO,79,JOSÉ JOAQUÍN DE HERRERA
456,GUERRERO,80,JUCHITÁN
457,GUERRERO,81,ILIATENCO
458,GUERRERO,82,LAS VIGAS
459,GUERRERO,83,ÑUU SAVI
460,GUERRERO,84,SANTA CRUZ DEL RINCÓN
461,GUERRERO,85,SAN NICOLÁS
462,HIDALGO,1,ACATLÁN
463,HIDALGO,2,ACAXOCHITLÁN
464,HIDALGO,3,ACTOPAN
465,HIDALGO,4,AGUA BLANCA DE ITURBIDE
466,HIDALGO,5,AJACUBA
467,HIDALGO,6,ALFAJAYUCAN
468,HIDALGO,7,ALMOLOYA
469,HIDALGO,8,APAN
470,HIDALGO,9,EL ARENAL
471,HIDALGO,10,ATITALAQUIA
472,HIDALGO,11,ATLAPEXCO
473,HIDALGO,12,ATOTONILCO EL GRANDE
474,HIDALGO,13,ATOTONILCO DE TULA
475,HIDALGO,14,CALNALI
476,HIDALGO,15,CARDONAL
477,HIDALGO,16,CUAUTEPEC DE HINOJOSA
478,HIDALGO,17,CHAPANTONGO
479,HIDALGO,18,CHAPULHUACÁN
480,HIDALGO,19,CHILCUAUTLA
481,HIDALGO,20,ELOXOCHITLÁN
482,HIDALGO,21,EMILIANO ZAPATA
483,HIDALGO,22,EPAZOYUCAN
484,HIDALGO,23,FRANCISCO I. MADERO
485,HIDALGO,24,HUASCA DE OCAMPO
486,HIDALGO,25,HUAUTLA
487,HIDALGO,26,HUAZALINGO
488,HIDALGO,27,HUEHUETLA
489,HIDALGO,28,HUEJUTLA DE REYES
490,HIDALGO,29,HUICHAPAN
491,HIDALGO,30,IXMIQUILPAN
492,HIDALGO,31,JACALA DE LEDEZMA
493,HIDALGO,32,JALTOCÁN
494,HIDALGO,33,JUÁREZ HIDALGO
495,HIDALGO,34,LOLOTLA
496,HIDALGO,35,METEPEC
497,HIDALGO,36,SAN AGUSTÍN METZQUITITLÁN
498,HIDALGO,37,METZTITLÁN
499,HIDALGO,38,MINERAL DEL CHICO
500,HIDALGO,39,MINERAL DEL MONTE
501,HIDALGO,40,LA MISIÓN
502,HIDALGO,41,MIXQUIAHUALA DE JUÁREZ
503,HIDALGO,42,MOLANGO DE ESCAMILLA
504,HIDALGO,43,NICOLÁS FLORES
505,HIDALGO,44,NOPALA DE VILLAGRÁN
506,HIDALGO,45,OMITLÁN DE JUÁREZ
507,HIDALGO,46,SAN FELIPE ORIZATLÁN
508,HIDALGO,47,PACULA
509,HIDALGO,48,PACHUCA DE SOTO
510,HIDALGO,49,PISAFLORES
511,HIDALGO,50,PROGRESO DE OBREGÓN
512,HIDALGO,51,MINERAL DE LA REFORMA
513,HIDALGO,52,SAN AGUSTÍN TLAXIACA
514,HIDALGO,53,SAN BARTOLO TUTOTEPEC
515,HIDALGO,54,SAN SALVADOR
516,HIDALGO,55,SANTIAGO DE ANAYA
517,HIDALGO,56,SANTIAGO TULANTEPEC DE LUGO GUERRERO
518,HIDALGO,57,SINGUILUCAN
519,HIDALGO,58,TASQUILLO
520,HIDALGO,59,TECOZAUTLA
521,HIDALGO,60,TENANGO DE DORIA
522,HIDALGO,61,TEPEAPULCO
523,HIDALGO,62,TEPEHUACÁN DE GUERRERO
524,HIDALGO,63,TEPEJI DEL RÍO DE OCAMPO
525,HIDALGO,64,TEPETITLÁN
526,HIDALGO,65,TETEPANGO
527,HIDALGO,66,VILLA DE TEZONTEPEC
528,HIDALGO,67,TEZONTEPEC DE ALDAMA
529,HIDALGO,68,TIANGUISTENGO
530,HIDALGO,69,TIZAYUCA
531,HIDALGO,70,TLAHUELILPAN
532,HIDALGO,71,TLAHUILTEPA
533,HIDALGO,72,TLANALAPA
534,HIDALGO,73,TLANCHINOL
535,HIDALGO,74,TLAXCOAPAN
536,HIDALGO,75,TOLCAYUCA
537,HIDALGO,76,TULA DE ALLENDE
538,HIDALGO,77,TULANCINGO DE BRAVO
539,HIDALGO,78,XOCHIATIPAN
540,HIDALGO,79,XOCHICOATLÁN
541,HIDALGO,80,YAHUALICA
542,HIDALGO,81,ZACUALTIPÁN DE ÁNGELES
543,HIDALGO,82,ZAPOTLÁN DE JUÁREZ
544,HIDALGO,83,ZEMPOALA
545,HIDALGO,84,ZIMAPÁN
546,JALISCO,1,ACATIC
547,JALISCO,2,ACATLÁN DE JUÁREZ
548,JALISCO,3,AHUALULCO DE MERCADO
549,JALISCO,4,AMACUECA
550,JALISCO,5,AMATITÁN
551,JALISCO,6,AMECA
552,JALISCO,7,SAN JUANITO DE ESCOBEDO
553,JALISCO,8,ARANDAS
554,JALISCO,9,EL ARENAL
555,JALISCO,10,ATEMAJAC DE BRIZUELA
556,JALISCO,11,ATENGO
557,JALISCO,12,ATENGUILLO
558,JALISCO,13,ATOTONILCO EL ALTO
559,JALISCO,14,ATOYAC
560,JALISCO,15,AUTLÁN DE NAVARRO
561,JALISCO,16,AYOTLÁN
562,JALISCO,17,AYUTLA
563,JALISCO,18,LA BARCA
564,JALISCO,19,BOLAÑOS
565,JALISCO,20,CABO CORRIENTES
566,JALISCO,21,CASIMIRO CASTILLO
567,JALISCO,22,CIHUATLÁN
568,JALISCO,23,ZAPOTLÁN EL GRANDE
569,JALISCO,24,COCULA
570,JALISCO,25,COLOTLÁN
571,JALISCO,26,CONCEPCIÓN DE BUENOS AIRES
572,JALISCO,27,CUAUTITLÁN DE GARCÍA BARRAGÁN
573,JALISCO,28,CUAUTLA
574,JALISCO,29,CUQUÍO
575,JALISCO,30,CHAPALA
576,JALISCO,31,CHIMALTITÁN
577,JALISCO,32,CHIQUILISTLÁN
578,JALISCO,33,DEGOLLADO
579,JALISCO,34,EJUTLA
580,JALISCO,35,ENCARNACIÓN DE DÍAZ
581,JALISCO,36,ETZATLÁN
582,JALISCO,37,EL GRULLO
583,JALISCO,38,GUACHINANGO
584,JALISCO,39,GUADALAJARA
585,JALISCO,40,HOSTOTIPAQUILLO
586,JALISCO,41,HUEJÚCAR
587,JALISCO,42,HUEJUQUILLA EL ALTO
588,JALISCO,43,LA HUERTA
589,JALISCO,44,IXTLAHUACÁN DE LOS MEMBRILLOS
590,JALISCO,45,IXTLAHUACÁN DEL RÍO
591,JALISCO,46,JALOSTOTITLÁN
592,JALISCO,47,JAMAY
593,JALISCO,48,JESÚS MARÍA
594,JALISCO,49,JILOTLÁN DE LOS DOLORES
595,JALISCO,50,JOCOTEPEC
596,JALISCO,51,JUANACATLÁN
597,JALISCO,52,JUCHITLÁN
598,JALISCO,53,LAGOS DE MORENO
599,JALISCO,54,EL LIMÓN
600,JALISCO,55,MAGDALENA
601,JALISCO,56,SANTA MARÍA DEL ORO
602,JALISCO,57,LA MANZANILLA DE LA PAZ
603,JALISCO,58,MASCOTA
604,JALISCO,59,MAZAMITLA
605,JALISCO,60,MEXTICACÁN
606,JALISCO,61,MEZQUITIC
607,JALISCO,62,MIXTLÁN
608,JALISCO,63,OCOTLÁN
609,JALISCO,64,OJUELOS DE JALISCO
610,JALISCO,65,PIHUAMO
611,JALISCO,66,PONCITLÁN
612,JALISCO,67,PUERTO VALLARTA
613,JALISCO,68,VILLA PURIFICACIÓN
614,JALISCO,69,QUITUPAN
615,JALISCO,70,EL SALTO
616,JALISCO,71,SAN CRISTÓBAL DE LA BARRANCA
617,JALISCO,72,SAN DIEGO DE ALEJANDRÍA
618,JALISCO,73,SAN JUAN DE LOS LAGOS
619,JALISCO,74,SAN JULIÁN
620,JALISCO,75,SAN MARCOS
621,JALISCO,76,SAN MARTÍN DE BOLAÑOS
622,JALISCO,77,SAN MARTÍN HIDALGO
623,JALISCO,78,SAN MIGUEL EL ALTO
624,JALISCO,79,GÓMEZ FARÍAS
625,JALISCO,80,SAN SEBASTIÁN DEL OESTE
626,JALISCO,81,SANTA MARÍA DE LOS ÁNGELES
627,JALISCO,82,SAYULA
628,JALISCO,83,TALA
629,JALISCO,84,TALPA DE ALLENDE
630,JALISCO,85,TAMAZULA DE GORDIANO
631,JALISCO,86,TAPALPA
632,JALISCO,87,TECALITLÁN
633,JALISCO,88,TECOLOTLÁN
634,JALISCO,89,TECHALUTA DE MONTENEGRO
635,JALISCO,90,TENAMAXTLÁN
636,JALISCO,91,TEOCALTICHE
637,JALISCO,92,TEOCUITATLÁN DE CORONA
638,JALISCO,93,TEPATITLÁN DE MORELOS
639,JALISCO,94,TEQUILA
640,JALISCO,95,TEUCHITLÁN
641,JALISCO,96,TIZAPÁN EL ALTO
642,JALISCO,97,TLAJOMULCO DE ZÚÑIGA
643,JALISCO,98,SAN PEDRO TLAQUEPAQUE
644,JALISCO,99,TOLIMÁN
645,JALISCO,100,TOMATLÁN
646,JALISCO,101,TONALÁ
647,JALISCO,102,TONAYA
648,JALISCO,103,TONILA
649,JALISCO,104,TOTATICHE
650,JALISCO,105,TOTOTLÁN
651,JALISCO,106,TUXCACUESCO
652,JALISCO,107,TUXCUECA
653,JALISCO,108,TUXPAN
654,JALISCO,109,UNIÓN DE SAN ANTONIO
655,JALISCO,110,UNIÓN DE TULA
656,JALISCO,111,VALLE DE GUADALUPE
657,JALISCO,112,VALLE DE JUÁREZ
658,JALISCO,113,SAN GABRIEL
659,JALISCO,114,VILLA CORONA
660,JALISCO,115,VILLA GUERRERO
661,JALISCO,116,VILLA HIDALGO
662,JALISCO,117,CAÑADAS DE OBREGÓN
663,JALISCO,118,YAHUALICA DE GONZÁLEZ GALLO
664,JALISCO,119,ZACOALCO DE TORRES
665,JALISCO,120,ZAPOPAN
666,JALISCO,121,ZAPOTILTIC
667,JALISCO,122,ZAPOTITLÁN DE VADILLO
668,JALISCO,123,ZAPOTLÁN DEL REY
669,JALISCO,124,ZAPOTLANEJO
670,JALISCO,125,SAN IGNACIO CERRO GORDO
671,MÉXICO,1,ACAMBAY DE RUÍZ CASTAÑEDA
672,MÉXICO,2,ACOLMAN
673,MÉXICO,3,ACULCO
674,MÉXICO,4,ALMOLOYA DE ALQUISIRAS
675,MÉXICO,5,ALMOLOYA DE JUÁREZ
676,MÉXICO,6,ALMOLOYA DEL RÍO
677,MÉXICO,7,AMANALCO
678,MÉXICO,8,AMATEPEC
679,MÉXICO,9,AMECAMECA
680,MÉXICO,10,APAXCO
681,MÉXICO,11,ATENCO
682,MÉXICO,12,ATIZAPÁN
683,MÉXICO,13,ATIZAPÁN DE ZARAGOZA
684,MÉXICO,14,ATLACOMULCO
685,MÉXICO,15,ATLAUTLA
686,MÉXICO,16,AXAPUSCO
687,MÉXICO,17,AYAPANGO
688,MÉXICO,18,CALIMAYA
689,MÉXICO,19,CAPULHUAC
690,MÉXICO,20,COACALCO DE BERRIOZÁBAL
691,MÉXICO,21,COATEPEC HARINAS
692,MÉXICO,22,COCOTITLÁN
693,MÉXICO,23,COYOTEPEC
694,MÉXICO,24,CUAUTITLÁN
695,MÉXICO,25,CHALCO
696,MÉXICO,26,CHAPA DE MOTA
697,MÉXICO,27,CHAPULTEPEC
698,MÉXICO,28,CHIAUTLA
699,MÉXICO,29,CHICOLOAPAN
700,MÉXICO,30,CHICONCUAC
701,MÉXICO,31,CHIMALHUACÁN
702,MÉXICO,32,DONATO GUERRA
703,MÉXICO,33,ECATEPEC DE MORELOS
704,MÉXICO,34,ECATZINGO
705,MÉXICO,35,HUEHUETOCA
706,MÉXICO,36,HUEYPOXTLA
707,MÉXICO,37,HUIXQUILUCAN
708,MÉXICO,38,ISIDRO FABELA
709,MÉXICO,39,IXTAPALUCA
710,MÉXICO,40,IXTAPAN DE LA SAL
711,MÉXICO,41,IXTAPAN DEL ORO
712,MÉXICO,42,IXTLAHUACA
713,MÉXICO,43,XALATLACO
714,MÉXICO,44,JALTENCO
715,MÉXICO,45,JILOTEPEC
716,MÉXICO,46,JILOTZINGO
717,MÉXICO,47,JIQUIPILCO
718,MÉXICO,48,JOCOTITLÁN
719,MÉXICO,49,JOQUICINGO
720,MÉXICO,50,JUCHITEPEC
721,MÉXICO,51,LERMA
722,MÉXICO,52,MALINALCO
723,MÉXICO,53,MELCHOR OCAMPO
724,MÉXICO,54,METEPEC
725,MÉXICO,55,MEXICALTZINGO
726,MÉXICO,56,MORELOS
727,MÉXICO,57,NAUCALPAN DE JUÁREZ
728,MÉXICO,58,NEZAHUALCÓYOTL
729,MÉXICO,59,NEXTLALPAN
730,MÉXICO,60,NICOLÁS ROMERO
731,MÉXICO,61,NOPALTEPEC
732,MÉXICO,62,OCOYOACAC
733,MÉXICO,63,OCUILAN
734,MÉXICO,64,EL ORO
735,MÉXICO,65,OTUMBA
736,MÉXICO,66,OTZOLOAPAN
737,MÉXICO,67,OTZOLOTEPEC
738,MÉXICO,68,OZUMBA
739,MÉXICO,69,PAPALOTLA
740,MÉXICO,70,LA PAZ
741,MÉXICO,71,POLOTITLÁN
742,MÉXICO,72,RAYÓN
743,MÉXICO,73,SAN ANTONIO LA ISLA
744,MÉXICO,74,SAN FELIPE DEL PROGRESO
745,MÉXICO,75,SAN MARTÍN DE LAS PIRÁMIDES
746,MÉXICO,76,SAN MATEO ATENCO
747,MÉXICO,77,SAN SIMÓN DE GUERRERO
748,MÉXICO,78,SANTO TOMÁS
749,MÉXICO,79,SOYANIQUILPAN DE JUÁREZ
750,MÉXICO,80,SULTEPEC
751,MÉXICO,81,TECÁMAC
752,MÉXICO,82,TEJUPILCO
753,MÉXICO,83,TEMAMATLA
754,MÉXICO,84,TEMASCALAPA
755,MÉXICO,85,TEMASCALCINGO
756,MÉXICO,86,TEMASCALTEPEC
757,MÉXICO,87,TEMOAYA
758,MÉXICO,88,TENANCINGO
759,MÉXICO,89,TENANGO DEL AIRE
760,MÉXICO,90,TENANGO DEL VALLE
761,MÉXICO,91,TEOLOYUCAN
762,MÉXICO,92,TEOTIHUACÁN
763,MÉXICO,93,TEPETLAOXTOC
764,MÉXICO,94,TEPETLIXPA
765,MÉXICO,95,TEPOTZOTLÁN
766,MÉXICO,96,TEQUIXQUIAC
767,MÉXICO,97,TEXCALTITLÁN
768,MÉXICO,98,TEXCALYACAC
769,MÉXICO,99,TEXCOCO
770,MÉXICO,100,TEZOYUCA
771,MÉXICO,101,TIANGUISTENCO
772,MÉXICO,102,TIMILPAN
773,MÉXICO,103,TLALMANALCO
774,MÉXICO,104,TLALNEPANTLA DE BAZ
775,MÉXICO,105,TLATLAYA
776,MÉXICO,106,TOLUCA
777,MÉXICO,107,TONATICO
778,MÉXICO,108,TULTEPEC
779,MÉXICO,109,TULTITLÁN
780,MÉXICO,110,VALLE DE BRAVO
781,MÉXICO,111,VILLA DE ALLENDE
782,MÉXICO,112,VILLA DEL CARBÓN
783,MÉXICO,113,VILLA GUERRERO
784,MÉXICO,114,VILLA VICTORIA
785,MÉXICO,115,XONACATLÁN
786,MÉXICO,116,ZACAZONAPAN
787,MÉXICO,117,ZACUALPAN
788,MÉXICO,118,ZINACANTEPEC
789,MÉXICO,119,ZUMPAHUACÁN
790,MÉXICO,120,ZUMPANGO
791,MÉXICO,121,CUAUTITLÁN IZCALLI
792,MÉXICO,122,VALLE DE CHALCO SOLIDARIDAD
793,MÉXICO,123,LUVIANOS
794,MÉXICO,124,SAN JOSÉ DEL RINCÓN
795,MÉXICO,125,TONANITLA
796,MICHOACÁN DE OCAMPO,1,ACUITZIO
797,MICHOACÁN DE OCAMPO,2,AGUILILLA
798,MICHOACÁN DE OCAMPO,3,ÁLVARO OBREGÓN
799,MICHOACÁN DE OCAMPO,4,ANGAMACUTIRO
800,MICHOACÁN DE OCAMPO,5,ANGANGUEO
801,MICHOACÁN DE OCAMPO,6,APATZINGÁN
802,MICHOACÁN DE OCAMPO,7,APORO
803,MICHOACÁN DE OCAMPO,8,AQUILA
804,MICHOACÁN DE OCAMPO,9,ARIO
805,MICHOACÁN DE OCAMPO,10,ARTEAGA
806,MICHOACÁN DE OCAMPO,11,BRISEÑAS
807,MICHOACÁN DE OCAMPO,12,BUENAVISTA
808,MICHOACÁN DE OCAMPO,13,CARÁCUARO
809,MICHOACÁN DE OCAMPO,14,COAHUAYANA
810,MICHOACÁN DE OCAMPO,15,COALCOMÁN DE VÁZQUEZ PALLARES
811,MICHOACÁN DE OCAMPO,16,COENEO
812,MICHOACÁN DE OCAMPO,17,CONTEPEC
813,MICHOACÁN DE OCAMPO,18,COPÁNDARO
814,MICHOACÁN DE OCAMPO,19,COTIJA
815,MICHOACÁN DE OCAMPO,20,CUITZEO
816,MICHOACÁN DE OCAMPO,21,CHARAPAN
817,MICHOACÁN DE OCAMPO,22,CHARO
818,MICHOACÁN DE OCAMPO,23,CHAVINDA
819,MICHOACÁN DE OCAMPO,24,CHERÁN
820,MICHOACÁN DE OCAMPO,25,CHILCHOTA
821,MICHOACÁN DE OCAMPO,26,CHINICUILA
822,MICHOACÁN DE OCAMPO,27,CHUCÁNDIRO
823,MICHOACÁN DE OCAMPO,28,CHURINTZIO
824,MICHOACÁN DE OCAMPO,29,CHURUMUCO
825,MICHOACÁN DE OCAMPO,30,ECUANDUREO
826,MICHOACÁN DE OCAMPO,31,EPITACIO HUERTA
827,MICHOACÁN DE OCAMPO,32,ERONGARÍCUARO
828,MICHOACÁN DE OCAMPO,33,GABRIEL ZAMORA
829,MICHOACÁN DE OCAMPO,34,HIDALGO
830,MICHOACÁN DE OCAMPO,35,LA HUACANA
831,MICHOACÁN DE OCAMPO,36,HUANDACAREO
832,MICHOACÁN DE OCAMPO,37,HUANIQUEO
833,MICHOACÁN DE OCAMPO,38,HUETAMO
834,MICHOACÁN DE OCAMPO,39,HUIRAMBA
835,MICHOACÁN DE OCAMPO,40,INDAPARAPEO
836,MICHOACÁN DE OCAMPO,41,IRIMBO
837,MICHOACÁN DE OCAMPO,42,IXTLÁN
838,MICHOACÁN DE OCAMPO,43,JACONA
839,MICHOACÁN DE OCAMPO,44,JIMÉNEZ
840,MICHOACÁN DE OCAMPO,45,JIQUILPAN
841,MICHOACÁN DE OCAMPO,46,JUÁREZ
842,MICHOACÁN DE OCAMPO,47,JUNGAPEO
843,MICHOACÁN DE OCAMPO,48,LAGUNILLAS
844,MICHOACÁN DE OCAMPO,49,MADERO
845,MICHOACÁN DE OCAMPO,50,MARAVATÍO
846,MICHOACÁN DE OCAMPO,51,MARCOS CASTELLANOS
847,MICHOACÁN DE OCAMPO,52,LÁZARO CÁRDENAS
848,MICHOACÁN DE OCAMPO,53,MORELIA
849,MICHOACÁN DE OCAMPO,54,MORELOS
850,MICHOACÁN DE OCAMPO,55,MÚGICA
851,MICHOACÁN DE OCAMPO,56,NAHUATZEN
852,MICHOACÁN DE OCAMPO,57,NOCUPÉTARO
853,MICHOACÁN DE OCAMPO,58,NUEVO PARANGARICUTIRO
854,MICHOACÁN DE OCAMPO,59,NUEVO URECHO
855,MICHOACÁN DE OCAMPO,60,NUMARÁN
856,MICHOACÁN DE OCAMPO,61,OCAMPO
857,MICHOACÁN DE OCAMPO,62,PAJACUARÁN
858,MICHOACÁN DE OCAMPO,63,PANINDÍCUARO
859,MICHOACÁN DE OCAMPO,64,PARÁCUARO
860,MICHOACÁN DE OCAMPO,65,PARACHO
861,MICHOACÁN DE OCAMPO,66,PÁTZCUARO
862,MICHOACÁN DE OCAMPO,67,PENJAMILLO
863,MICHOACÁN DE OCAMPO,68,PERIBÁN
864,MICHOACÁN DE OCAMPO,69,LA PIEDAD
865,MICHOACÁN DE OCAMPO,70,PURÉPERO
866,MICHOACÁN DE OCAMPO,71,PURUÁNDIRO
867,MICHOACÁN DE OCAMPO,72,QUERÉNDARO
868,MICHOACÁN DE OCAMPO,73,QUIROGA
869,MICHOACÁN DE OCAMPO,74,COJUMATLÁN DE RÉGULES
870,MICHOACÁN DE OCAMPO,75,LOS REYES
871,MICHOACÁN DE OCAMPO,76,SAHUAYO
872,MICHOACÁN DE OCAMPO,77,SAN LUCAS
873,MICHOACÁN DE OCAMPO,78,SANTA ANA MAYA
874,MICHOACÁN DE OCAMPO,79,SALVADOR ESCALANTE
875,MICHOACÁN DE OCAMPO,80,SENGUIO
876,MICHOACÁN DE OCAMPO,81,SUSUPUATO
877,MICHOACÁN DE OCAMPO,82,TACÁMBARO
878,MICHOACÁN DE OCAMPO,83,TANCÍTARO
879,MICHOACÁN DE OCAMPO,84,TANGAMANDAPIO
880,MICHOACÁN DE OCAMPO,85,TANGANCÍCUARO
881,MICHOACÁN DE OCAMPO,86,TANHUATO
882,MICHOACÁN DE OCAMPO,87,TARETAN
883,MICHOACÁN DE OCAMPO,88,TARÍMBARO
884,MICHOACÁN DE OCAMPO,89,TEPALCATEPEC
885,MICHOACÁN DE OCAMPO,90,TINGAMBATO
886,MICHOACÁN DE OCAMPO,91,TINGÜINDÍN
887,MICHOACÁN DE OCAMPO,92,TIQUICHEO DE NICOLÁS ROMERO
888,MICHOACÁN DE OCAMPO,93,TLALPUJAHUA
889,MICHOACÁN DE OCAMPO,94,TLAZAZALCA
890,MICHOACÁN DE OCAMPO,95,TOCUMBO
891,MICHOACÁN DE OCAMPO,96,TUMBISCATÍO
892,MICHOACÁN DE OCAMPO,97,TURICATO
893,MICHOACÁN DE OCAMPO,98,TUXPAN
894,MICHOACÁN DE OCAMPO,99,TUZANTLA
895,MICHOACÁN DE OCAMPO,100,TZINTZUNTZAN
896,MICHOACÁN DE OCAMPO,101,TZITZIO
897,MICHOACÁN DE OCAMPO,102,URUAPAN
898,MICHOACÁN DE OCAMPO,103,VENUSTIANO CARRANZA
899,MICHOACÁN DE OCAMPO,104,VILLAMAR
900,MICHOACÁN DE OCAMPO,105,VISTA HERMOSA
901,MICHOACÁN DE OCAMPO,106,YURÉCUARO
902,MICHOACÁN DE OCAMPO,107,ZACAPU
903,MICHOACÁN DE OCAMPO,108,ZAMORA
904,MICHOACÁN DE OCAMPO,109,ZINÁPARO
905,MICHOACÁN DE OCAMPO,110,ZINAPÉCUARO
906,MICHOACÁN DE OCAMPO,111,ZIRACUARETIRO
907,MICHOACÁN DE OCAMPO,112,ZITÁCUARO
908,MICHOACÁN DE OCAMPO,113,JOSÉ SIXTO VERDUZCO
909,MORELOS,1,AMACUZAC
910,MORELOS,2,ATLATLAHUCAN
911,MORELOS,3,AXOCHIAPAN
912,MORELOS,4,AYALA
913,MORELOS,5,COATLÁN DEL RÍO
914,MORELOS,6,CUAUTLA
915,MORELOS,7,CUERNAVACA
916,MORELOS,8,EMILIANO ZAPATA
917,MORELOS,9,HUITZILAC
918,MORELOS,10,JANTETELCO
919,MORELOS,11,JIUTEPEC
920,MORELOS,12,JOJUTLA
921,MORELOS,13,JONACATEPEC DE LEANDRO VALLE
922,MORELOS,14,MAZATEPEC
923,MORELOS,15,MIACATLÁN
924,MORELOS,16,OCUITUCO
925,MORELOS,17,PUENTE DE IXTLA
926,MORELOS,18,TEMIXCO
927,MORELOS,19,TEPALCINGO
928,MORELOS,20,TEPOZTLÁN
929,MORELOS,21,TETECALA
930,MORELOS,22,TETELA DEL VOLCÁN
931,MORELOS,23,TLALNEPANTLA
932,MORELOS,24,TLALTIZAPÁN DE ZAPATA
933,MORELOS,25,TLAQUILTENANGO
934,MORELOS,26,TLAYACAPAN
935,MORELOS,27,TOTOLAPAN
936,MORELOS,28,XOCHITEPEC
937,MORELOS,29,YAUTEPEC
938,MORELOS,30,YECAPIXTLA
939,MORELOS,31,ZACATEPEC
940,MORELOS,32,ZACUALPAN DE AMILPAS
941,MORELOS,33,TEMOAC
942,MORELOS,34,COATETELCO
943,MORELOS,35,XOXOCOTLA
944,MORELOS,36,HUEYAPAN
945,NAYARIT,1,ACAPONETA
946,NAYARIT,2,AHUACATLÁN
947,NAYARIT,3,AMATLÁN DE CAÑAS
948,NAYARIT,4,COMPOSTELA
949,NAYARIT,5,HUAJICORI
950,NAYARIT,6,IXTLÁN DEL RÍO
951,NAYARIT,7,JALA
952,NAYARIT,8,XALISCO
953,NAYARIT,9,DEL NAYAR
954,NAYARIT,10,ROSAMORADA
955,NAYARIT,11,RUÍZ
956,NAYARIT,12,SAN BLAS
957,NAYARIT,13,SAN PEDRO LAGUNILLAS
958,NAYARIT,14,SANTA MARÍA DEL ORO
959,NAYARIT,15,SANTIAGO IXCUINTLA
960,NAYARIT,16,TECUALA
961,NAYARIT,17,TEPIC
962,NAYARIT,18,TUXPAN
963,NAYARIT,19,LA YESCA
964,NAYARIT,20,BAHÍA DE BANDERAS
965,NUEVO LEÓN,1,ABASOLO
966,NUEVO LEÓN,2,AGUALEGUAS
967,NUEVO LEÓN,3,LOS ALDAMAS
968,NUEVO LEÓN,4,ALLENDE
969,NUEVO LEÓN,5,ANÁHUAC
970,NUEVO LEÓN,6,APODACA
971,NUEVO LEÓN,7,ARAMBERRI
972,NUEVO LEÓN,8,BUSTAMANTE
973,NUEVO LEÓN,9,CADEREYTA JIMÉNEZ
974,NUEVO LEÓN,10,EL CARMEN
975,NUEVO LEÓN,11,CERRALVO
976,NUEVO LEÓN,12,CIÉNEGA DE FLORES
977,NUEVO LEÓN,13,CHINA
978,NUEVO LEÓN,14,DOCTOR ARROYO
979,NUEVO LEÓN,15,DOCTOR COSS
980,NUEVO LEÓN,16,DOCTOR GONZÁLEZ
981,NUEVO LEÓN,17,GALEANA
982,NUEVO LEÓN,18,GARCÍA
983,NUEVO LEÓN,19,SAN PEDRO GARZA GARCÍA
984,NUEVO LEÓN,20,GENERAL BRAVO
985,NUEVO LEÓN,21,GENERAL ESCOBEDO
986,NUEVO LEÓN,22,GENERAL TERÁN
987,NUEVO LEÓN,23,GENERAL TREVIÑO
988,NUEVO LEÓN,24,GENERAL ZARAGOZA
989,NUEVO LEÓN,25,GENERAL ZUAZUA
990,NUEVO LEÓN,26,GUADALUPE
991,NUEVO LEÓN,27,LOS HERRERAS
992,NUEVO LEÓN,28,HIGUERAS
993,NUEVO LEÓN,29,HUALAHUISES
994,NUEVO LEÓN,30,ITURBIDE
995,NUEVO LEÓN,31,JUÁREZ
996,NUEVO LEÓN,32,LAMPAZOS DE NARANJO
997,NUEVO LEÓN,33,LINARES
998,NUEVO LEÓN,34,MARÍN
999,NUEVO LEÓN,35,MELCHOR OCAMPO
1000,NUEVO LEÓN,36,MIER Y NORIEGA
1001,NUEVO LEÓN,37,MINA
1002,NUEVO LEÓN,38,MONTEMORELOS
1003,NUEVO LEÓN,39,MONTERREY
1004,NUEVO LEÓN,40,PARÁS
1005,NUEVO LEÓN,41,PESQUERÍA
1006,NUEVO LEÓN,42,LOS RAMONES
1007,NUEVO LEÓN,43,RAYONES
1008,NUEVO LEÓN,44,SABINAS HIDALGO
1009,NUEVO LEÓN,45,SALINAS VICTORIA
1010,NUEVO LEÓN,46,SAN NICOLÁS DE LOS GARZA
1011,NUEVO LEÓN,47,HIDALGO
1012,NUEVO LEÓN,48,SANTA CATARINA
1013,NUEVO LEÓN,49,SANTIAGO
1014,NUEVO LEÓN,50,VALLECILLO
1015,NUEVO LEÓN,51,VILLALDAMA
1016,OAXACA,1,ABEJONES
1017,OAXACA,2,ACATLÁN DE PÉREZ FIGUEROA
1018,OAXACA,3,ASUNCIÓN CACALOTEPEC
1019,OAXACA,4,ASUNCIÓN CUYOTEPEJI
1020,OAXACA,5,ASUNCIÓN IXTALTEPEC
1021,OAXACA,6,ASUNCIÓN NOCHIXTLÁN
1022,OAXACA,7,ASUNCIÓN OCOTLÁN
1023,OAXACA,8,ASUNCIÓN TLACOLULITA
1024,OAXACA,9,AYOTZINTEPEC
1025,OAXACA,10,EL BARRIO DE LA SOLEDAD
1026,OAXACA,11,CALIHUALÁ
1027,OAXACA,12,CANDELARIA LOXICHA
1028,OAXACA,13,CIÉNEGA DE ZIMATLÁN
1029,OAXACA,14,CIUDAD IXTEPEC
1030,OAXACA,15,COATECAS ALTAS
1031,OAXACA,16,COICOYÁN DE LAS FLORES
1032,OAXACA,17,LA COMPAÑÍA
1033,OAXACA,18,CONCEPCIÓN BUENAVISTA
1034,OAXACA,19,CONCEPCIÓN PÁPALO
1035,OAXACA,20,CONSTANCIA DEL ROSARIO
1036,OAXACA,21,COSOLAPA
1037,OAXACA,22,COSOLTEPEC
1038,OAXACA,23,CUILÁPAM DE GUERRERO
1039,OAXACA,24,CUYAMECALCO VILLA DE ZARAGOZA
1040,OAXACA,25,CHAHUITES
1041,OAXACA,26,CHALCATONGO DE HIDALGO
1042,OAXACA,27,CHIQUIHUITLÁN DE BENITO JUÁREZ
1043,OAXACA,28,HEROICA CIUDAD DE EJUTLA DE CRESPO
1044,OAXACA,29,ELOXOCHITLÁN DE FLORES MAGÓN
1045,OAXACA,30,EL ESPINAL
1046,OAXACA,31,TAMAZULÁPAM DEL ESPÍRITU SANTO
1047,OAXACA,32,FRESNILLO DE TRUJANO
1048,OAXACA,33,GUADALUPE ETLA
1049,OAXACA,34,GUADALUPE DE RAMÍREZ
1050,OAXACA,35,GUELATAO DE JUÁREZ
1051,OAXACA,36,GUEVEA DE HUMBOLDT
1052,OAXACA,37,MESONES HIDALGO
1053,OAXACA,38,VILLA HIDALGO YALÁLAG
1054,OAXACA,39,HEROICA CIUDAD DE HUAJUAPAN DE LEÓN
1055,OAXACA,40,HUAUTEPEC
1056,OAXACA,41,HUAUTLA DE JIMÉNEZ
1057,OAXACA,42,IXTLÁN DE JUÁREZ
1058,OAXACA,43,HEROICA CIUDAD DE JUCHITÁN DE ZARAGOZA
1059,OAXACA,44,LOMA BONITA
1060,OAXACA,45,MAGDALENA APASCO
1061,OAXACA,46,MAGDALENA JALTEPEC
1062,OAXACA,47,SANTA MAGDALENA JICOTLÁN
1063,OAXACA,48,MAGDALENA MIXTEPEC
1064,OAXACA,49,MAGDALENA OCOTLÁN
1065,OAXACA,50,MAGDALENA PEÑASCO
1066,OAXACA,51,MAGDALENA TEITIPAC
1067,OAXACA,52,MAGDALENA TEQUISISTLÁN
1068,OAXACA,53,MAGDALENA TLACOTEPEC
1069,OAXACA,54,MAGDALENA ZAHUATLÁN
1070,OAXACA,55,MARISCALA DE JUÁREZ
1071,OAXACA,56,MÁRTIRES DE TACUBAYA
1072,OAXACA,57,MATÍAS ROMERO AVENDAÑO
1073,OAXACA,58,MAZATLÁN VILLA DE FLORES
1074,OAXACA,59,MIAHUATLÁN DE PORFIRIO DÍAZ
1075,OAXACA,60,MIXISTLÁN DE LA REFORMA
1076,OAXACA,61,MONJAS
1077,OAXACA,62,NATIVIDAD
1078,OAXACA,63,NAZARENO ETLA
1079,OAXACA,64,NEJAPA DE MADERO
1080,OAXACA,65,IXPANTEPEC NIEVES
1081,OAXACA,66,SANTIAGO NILTEPEC
1082,OAXACA,67,OAXACA DE JUÁREZ
1083,OAXACA,68,OCOTLÁN DE MORELOS
1084,OAXACA,69,LA PE
1085,OAXACA,70,PINOTEPA DE DON LUIS
1086,OAXACA,71,PLUMA HIDALGO
1087,OAXACA,72,SAN JOSÉ DEL PROGRESO
1088,OAXACA,73,PUTLA VILLA DE GUERRERO
1089,OAXACA,74,SANTA CATARINA QUIOQUITANI
1090,OAXACA,75,REFORMA DE PINEDA
1091,OAXACA,76,LA REFORMA
1092,OAXACA,77,REYES ETLA
1093,OAXACA,78,ROJAS DE CUAUHTÉMOC
1094,OAXACA,79,SALINA CRUZ
1095,OAXACA,80,SAN AGUSTÍN AMATENGO
1096,OAXACA,81,SAN AGUSTÍN ATENANGO
1097,OAXACA,82,SAN AGUSTÍN CHAYUCO
1098,OAXACA,83,SAN AGUSTÍN DE LAS JUNTAS
1099,OAXACA,84,SAN AGUSTÍN ETLA
1100,OAXACA,85,SAN AGUSTÍN LOXICHA
1101,OAXACA,86,SAN AGUSTÍN TLACOTEPEC
1102,OAXACA,87,SAN AGUSTÍN YATARENI
1103,OAXACA,88,SAN ANDRÉS CABECERA NUEVA
1104,OAXACA,89,SAN ANDRÉS DINICUITI
1105,OAXACA,90,SAN ANDRÉS HUAXPALTEPEC
1106,OAXACA,91,SAN ANDRÉS HUAYÁPAM
1107,OAXACA,92,SAN ANDRÉS IXTLAHUACA
1108,OAXACA,93,SAN ANDRÉS LAGUNAS
1109,OAXACA,94,SAN ANDRÉS NUXIÑO
1110,OAXACA,95,SAN ANDRÉS PAXTLÁN
1111,OAXACA,96,SAN ANDRÉS SINAXTLA
1112,OAXACA,97,SAN ANDRÉS SOLAGA
1113,OAXACA,98,SAN ANDRÉS TEOTILÁLPAM
1114,OAXACA,99,SAN ANDRÉS TEPETLAPA
1115,OAXACA,100,SAN ANDRÉS YAÁ
1116,OAXACA,101,SAN ANDRÉS ZABACHE
1117,OAXACA,102,SAN ANDRÉS ZAUTLA
1118,OAXACA,103,SAN ANTONINO CASTILLO VELASCO
1119,OAXACA,104,SAN ANTONINO EL ALTO
1120,OAXACA,105,SAN ANTONINO MONTE VERDE
1121,OAXACA,106,SAN ANTONIO ACUTLA
1122,OAXACA,107,SAN ANTONIO DE LA CAL
1123,OAXACA,108,SAN ANTONIO HUITEPEC
1124,OAXACA,109,SAN ANTONIO NANAHUATÍPAM
1125,OAXACA,110,SAN ANTONIO SINICAHUA
1126,OAXACA,111,SAN ANTONIO TEPETLAPA
1127,OAXACA,112,SAN BALTAZAR CHICHICÁPAM
1128,OAXACA,113,SAN BALTAZAR LOXICHA
1129,OAXACA,114,SAN BALTAZAR YATZACHI EL BAJO
1130,OAXACA,115,SAN BARTOLO COYOTEPEC
1131,OAXACA,116,SAN BARTOLOMÉ AYAUTLA
1132,OAXACA,117,SAN BARTOLOMÉ LOXICHA
1133,OAXACA,118,SAN BARTOLOMÉ QUIALANA
1134,OAXACA,119,SAN BARTOLOMÉ YUCUAÑE
1135,OAXACA,120,SAN BARTOLOMÉ ZOOGOCHO
1136,OAXACA,121,SAN BARTOLO SOYALTEPEC
1137,OAXACA,122,SAN BARTOLO YAUTEPEC
1138,OAXACA,123,SAN BERNARDO MIXTEPEC
1139,OAXACA,124,HEROICA VILLA DE SAN BLAS ATEMPA
1140,OAXACA,125,SAN CARLOS YAUTEPEC
1141,OAXACA,126,SAN CRISTÓBAL AMATLÁN
1142,OAXACA,127,SAN CRISTÓBAL AMOLTEPEC
1143,OAXACA,128,SAN CRISTÓBAL LACHIRIOAG
1144,OAXACA,129,SAN CRISTÓBAL SUCHIXTLAHUACA
1145,OAXACA,130,SAN DIONISIO DEL MAR
1146,OAXACA,131,SAN DIONISIO OCOTEPEC
1147,OAXACA,132,SAN DIONISIO OCOTLÁN
1148,OAXACA,133,SAN ESTEBAN ATATLAHUCA
1149,OAXACA,134,SAN FELIPE JALAPA DE DÍAZ
1150,OAXACA,135,SAN FELIPE TEJALÁPAM
1151,OAXACA,136,SAN FELIPE USILA
1152,OAXACA,137,SAN FRANCISCO CAHUACUÁ
1153,OAXACA,138,SAN FRANCISCO CAJONOS
1154,OAXACA,139,SAN FRANCISCO CHAPULAPA
1155,OAXACA,140,SAN FRANCISCO CHINDÚA
1156,OAXACA,141,SAN FRANCISCO DEL MAR
1157,OAXACA,142,SAN FRANCISCO HUEHUETLÁN
1158,OAXACA,143,SAN FRANCISCO IXHUATÁN
1159,OAXACA,144,SAN FRANCISCO JALTEPETONGO
1160,OAXACA,145,SAN FRANCISCO LACHIGOLÓ
1161,OAXACA,146,SAN FRANCISCO LOGUECHE
1162,OAXACA,147,SAN FRANCISCO NUXAÑO
1163,OAXACA,148,SAN FRANCISCO OZOLOTEPEC
1164,OAXACA,149,SAN FRANCISCO SOLA
1165,OAXACA,150,SAN FRANCISCO TELIXTLAHUACA
1166,OAXACA,151,SAN FRANCISCO TEOPAN
1167,OAXACA,152,SAN FRANCISCO TLAPANCINGO
1168,OAXACA,153,SAN GABRIEL MIXTEPEC
1169,OAXACA,154,SAN ILDEFONSO AMATLÁN
1170,OAXACA,155,SAN ILDEFONSO SOLA
1171,OAXACA,156,SAN ILDEFONSO VILLA ALTA
1172,OAXACA,157,SAN JACINTO AMILPAS
1173,OAXACA,158,SAN JACINTO TLACOTEPEC
1174,OAXACA,159,SAN JERÓNIMO COATLÁN
1175,OAXACA,160,SAN JERÓNIMO SILACAYOAPILLA
1176,OAXACA,161,SAN JERÓNIMO SOSOLA
1177,OAXACA,162,SAN JERÓNIMO TAVICHE
1178,OAXACA,163,SAN JERÓNIMO TECÓATL
1179,OAXACA,164,SAN JORGE NUCHITA
1180,OAXACA,165,SAN JOSÉ AYUQUILA
1181,OAXACA,166,SAN JOSÉ CHILTEPEC
1182,OAXACA,167,SAN JOSÉ DEL PEÑASCO
1183,OAXACA,168,SAN JOSÉ ESTANCIA GRANDE
1184,OAXACA,169,SAN JOSÉ INDEPENDENCIA
1185,OAXACA,170,SAN JOSÉ LACHIGUIRI
1186,OAXACA,171,SAN JOSÉ TENANGO
1187,OAXACA,172,SAN JUAN ACHIUTLA
1188,OAXACA,173,SAN JUAN ATEPEC
1189,OAXACA,174,ÁNIMAS TRUJANO
1190,OAXACA,175,SAN JUAN BAUTISTA ATATLAHUCA
1191,OAXACA,176,SAN JUAN BAUTISTA COIXTLAHUACA
1192,OAXACA,177,SAN JUAN BAUTISTA CUICATLÁN
1193,OAXACA,178,SAN JUAN BAUTISTA GUELACHE
1194,OAXACA,179,SAN JUAN BAUTISTA JAYACATLÁN
1195,OAXACA,180,SAN JUAN BAUTISTA LO DE SOTO
1196,OAXACA,181,SAN JUAN BAUTISTA SUCHITEPEC
1197,OAXACA,182,SAN JUAN BAUTISTA TLACOATZINTEPEC
1198,OAXACA,183,SAN JUAN BAUTISTA TLACHICHILCO
1199,OAXACA,184,SAN JUAN BAUTISTA TUXTEPEC
1200,OAXACA,185,SAN JUAN CACAHUATEPEC
1201,OAXACA,186,SAN JUAN CIENEGUILLA
1202,OAXACA,187,SAN JUAN COATZÓSPAM
1203,OAXACA,188,SAN JUAN COLORADO
1204,OAXACA,189,SAN JUAN COMALTEPEC
1205,OAXACA,190,SAN JUAN COTZOCÓN
1206,OAXACA,191,SAN JUAN CHICOMEZÚCHIL
1207,OAXACA,192,SAN JUAN CHILATECA
1208,OAXACA,193,SAN JUAN DEL ESTADO
1209,OAXACA,194,SAN JUAN DEL RÍO
1210,OAXACA,195,SAN JUAN DIUXI
1211,OAXACA,196,SAN JUAN EVANGELISTA ANALCO
1212,OAXACA,197,SAN JUAN GUELAVÍA
1213,OAXACA,198,SAN JUAN GUICHICOVI
1214,OAXACA,199,SAN JUAN IHUALTEPEC
1215,OAXACA,200,SAN JUAN JUQUILA MIXES
1216,OAXACA,201,SAN JUAN JUQUILA VIJANOS
1217,OAXACA,202,SAN JUAN LACHAO
1218,OAXACA,203,SAN JUAN LACHIGALLA
1219,OAXACA,204,SAN JUAN LAJARCIA
1220,OAXACA,205,SAN JUAN LALANA
1221,OAXACA,206,SAN JUAN DE LOS CUÉS
1222,OAXACA,207,SAN JUAN MAZATLÁN
1223,OAXACA,208,SAN JUAN MIXTEPEC
1224,OAXACA,209,SAN JUAN MIXTEPEC
1225,OAXACA,210,SAN JUAN ÑUMÍ
1226,OAXACA,211,SAN JUAN OZOLOTEPEC
1227,OAXACA,212,SAN JUAN PETLAPA
1228,OAXACA,213,SAN JUAN QUIAHIJE
1229,OAXACA,214,SAN JUAN QUIOTEPEC
1230,OAXACA,215,SAN JUAN SAYULTEPEC
1231,OAXACA,216,SAN JUAN TABAÁ
1232,OAXACA,217,SAN JUAN TAMAZOLA
1233,OAXACA,218,SAN JUAN TEITA
1234,OAXACA,219,SAN JUAN TEITIPAC
1235,OAXACA,220,SAN JUAN TEPEUXILA
1236,OAXACA,221,SAN JUAN TEPOSCOLULA
1237,OAXACA,222,SAN JUAN YAEÉ
1238,OAXACA,223,SAN JUAN YATZONA
1239,OAXACA,224,SAN JUAN YUCUITA
1240,OAXACA,225,SAN LORENZO
1241,OAXACA,226,SAN LORENZO ALBARRADAS
1242,OAXACA,227,SAN LORENZO CACAOTEPEC
1243,OAXACA,228,SAN LORENZO CUAUNECUILTITLA
1244,OAXACA,229,SAN LORENZO TEXMELÚCAN
1245,OAXACA,230,SAN LORENZO VICTORIA
1246,OAXACA,231,SAN LUCAS CAMOTLÁN
1247,OAXACA,232,SAN LUCAS OJITLÁN
1248,OAXACA,233,SAN LUCAS QUIAVINÍ
1249,OAXACA,234,SAN LUCAS ZOQUIÁPAM
1250,OAXACA,235,SAN LUIS AMATLÁN
1251,OAXACA,236,SAN MARCIAL OZOLOTEPEC
1252,OAXACA,237,SAN MARCOS ARTEAGA
1253,OAXACA,238,HEROICO SAN MARTÍN DE LOS CANSECOS
1254,OAXACA,239,SAN MARTÍN HUAMELÚLPAM
1255,OAXACA,240,SAN MARTÍN ITUNYOSO
1256,OAXACA,241,SAN MARTÍN LACHILÁ
1257,OAXACA,242,SAN MARTÍN PERAS
1258,OAXACA,243,SAN MARTÍN TILCAJETE
1259,OAXACA,244,SAN MARTÍN TOXPALAN
1260,OAXACA,245,SAN MARTÍN ZACATEPEC
1261,OAXACA,246,SAN MATEO CAJONOS
1262,OAXACA,247,CAPULÁLPAM DE MÉNDEZ
1263,OAXACA,248,SAN MATEO DEL MAR
1264,OAXACA,249,SAN MATEO YOLOXOCHITLÁN
1265,OAXACA,250,SAN MATEO ETLATONGO
1266,OAXACA,251,SAN MATEO NEJÁPAM
1267,OAXACA,252,SAN MATEO PEÑASCO
1268,OAXACA,253,SAN MATEO PIÑAS
1269,OAXACA,254,SAN MATEO RÍO HONDO
1270,OAXACA,255,SAN MATEO SINDIHUI
1271,OAXACA,256,SAN MATEO TLAPILTEPEC
1272,OAXACA,257,SAN MELCHOR BETAZA
1273,OAXACA,258,SAN MIGUEL ACHIUTLA
1274,OAXACA,259,SAN MIGUEL AHUEHUETITLÁN
1275,OAXACA,260,SAN MIGUEL ALOÁPAM
1276,OAXACA,261,SAN MIGUEL AMATITLÁN
1277,OAXACA,262,SAN MIGUEL AMATLÁN
1278,OAXACA,263,SAN MIGUEL COATLÁN
1279,OAXACA,264,SAN MIGUEL CHICAHUA
1280,OAXACA,265,SAN MIGUEL CHIMALAPA
1281,OAXACA,266,SAN MIGUEL DEL PUERTO
1282,OAXACA,267,SAN MIGUEL DEL RÍO
1283,OAXACA,268,SAN MIGUEL EJUTLA
1284,OAXACA,269,SAN MIGUEL EL GRANDE
1285,OAXACA,270,SAN MIGUEL HUAUTLA
1286,OAXACA,271,SAN MIGUEL MIXTEPEC
1287,OAXACA,272,SAN MIGUEL PANIXTLAHUACA
1288,OAXACA,273,SAN MIGUEL PERAS
1289,OAXACA,274,SAN MIGUEL PIEDRAS
1290,OAXACA,275,SAN MIGUEL QUETZALTEPEC
1291,OAXACA,276,SAN MIGUEL SANTA FLOR
1292,OAXACA,277,VILLA SOLA DE VEGA
1293,OAXACA,278,SAN MIGUEL SOYALTEPEC
1294,OAXACA,279,SAN MIGUEL SUCHIXTEPEC
1295,OAXACA,280,VILLA TALEA DE CASTRO
1296,OAXACA,281,SAN MIGUEL TECOMATLÁN
1297,OAXACA,282,SAN MIGUEL TENANGO
1298,OAXACA,283,SAN MIGUEL TEQUIXTEPEC
1299,OAXACA,284,SAN MIGUEL TILQUIÁPAM
1300,OAXACA,285,SAN MIGUEL TLACAMAMA
1301,OAXACA,286,SAN MIGUEL TLACOTEPEC
1302,OAXACA,287,SAN MIGUEL TULANCINGO
1303,OAXACA,288,SAN MIGUEL YOTAO
1304,OAXACA,289,SAN NICOLÁS
1305,OAXACA,290,SAN NICOLÁS HIDALGO
1306,OAXACA,291,SAN PABLO COATLÁN
1307,OAXACA,292,SAN PABLO CUATRO VENADOS
1308,OAXACA,293,SAN PABLO ETLA
1309,OAXACA,294,SAN PABLO HUITZO
1310,OAXACA,295,SAN PABLO HUIXTEPEC
1311,OAXACA,296,SAN PABLO MACUILTIANGUIS
1312,OAXACA,297,SAN PABLO TIJALTEPEC
1313,OAXACA,298,SAN PABLO VILLA DE MITLA
1314,OAXACA,299,SAN PABLO YAGANIZA
1315,OAXACA,300,SAN PEDRO AMUZGOS
1316,OAXACA,301,SAN PEDRO APÓSTOL
1317,OAXACA,302,SAN PEDRO ATOYAC
1318,OAXACA,303,SAN PEDRO CAJONOS
1319,OAXACA,304,SAN PEDRO COXCALTEPEC CÁNTAROS
1320,OAXACA,305,SAN PEDRO COMITANCILLO
1321,OAXACA,306,SAN PEDRO EL ALTO
1322,OAXACA,307,SAN PEDRO HUAMELULA
1323,OAXACA,308,SAN PEDRO HUILOTEPEC
1324,OAXACA,309,SAN PEDRO IXCATLÁN
1325,OAXACA,310,SAN PEDRO IXTLAHUACA
1326,OAXACA,311,SAN PEDRO JALTEPETONGO
1327,OAXACA,312,SAN PEDRO JICAYÁN
1328,OAXACA,313,SAN PEDRO JOCOTIPAC
1329,OAXACA,314,SAN PEDRO JUCHATENGO
1330,OAXACA,315,SAN PEDRO MÁRTIR
1331,OAXACA,316,SAN PEDRO MÁRTIR QUIECHAPA
1332,OAXACA,317,SAN PEDRO MÁRTIR YUCUXACO
1333,OAXACA,318,SAN PEDRO MIXTEPEC
1334,OAXACA,319,SAN PEDRO MIXTEPEC
1335,OAXACA,320,SAN PEDRO MOLINOS
1336,OAXACA,321,SAN PEDRO NOPALA
1337,OAXACA,322,SAN PEDRO OCOPETATILLO
1338,OAXACA,323,SAN PEDRO OCOTEPEC
1339,OAXACA,324,SAN PEDRO POCHUTLA
1340,OAXACA,325,SAN PEDRO QUIATONI
1341,OAXACA,326,SAN PEDRO SOCHIÁPAM
1342,OAXACA,327,SAN PEDRO TAPANATEPEC
1343,OAXACA,328,SAN PEDRO TAVICHE
1344,OAXACA,329,SAN PEDRO TEOZACOALCO
1345,OAXACA,330,SAN PEDRO TEUTILA
1346,OAXACA,331,SAN PEDRO TIDAÁ
1347,OAXACA,332,SAN PEDRO TOPILTEPEC
1348,OAXACA,333,SAN PEDRO TOTOLÁPAM
1349,OAXACA,334,VILLA DE TUTUTEPEC
1350,OAXACA,335,SAN PEDRO YANERI
1351,OAXACA,336,SAN PEDRO YÓLOX
1352,OAXACA,337,SAN PEDRO Y SAN PABLO AYUTLA
1353,OAXACA,338,VILLA DE ETLA
1354,OAXACA,339,SAN PEDRO Y SAN PABLO TEPOSCOLULA
1355,OAXACA,340,SAN PEDRO Y SAN PABLO TEQUIXTEPEC
1356,OAXACA,341,SAN PEDRO YUCUNAMA
1357,OAXACA,342,SAN RAYMUNDO JALPAN
1358,OAXACA,343,SAN SEBASTIÁN ABASOLO
1359,OAXACA,344,SAN SEBASTIÁN COATLÁN
1360,OAXACA,345,SAN SEBASTIÁN IXCAPA
1361,OAXACA,346,SAN SEBASTIÁN NICANANDUTA
1362,OAXACA,347,SAN SEBASTIÁN RÍO HONDO
1363,OAXACA,348,SAN SEBASTIÁN TECOMAXTLAHUACA
1364,OAXACA,349,SAN SEBASTIÁN TEITIPAC
1365,OAXACA,350,SAN SEBASTIÁN TUTLA
1366,OAXACA,351,SAN SIMÓN ALMOLONGAS
1367,OAXACA,352,SAN SIMÓN ZAHUATLÁN
1368,OAXACA,353,SANTA ANA
1369,OAXACA,354,SANTA ANA ATEIXTLAHUACA
1370,OAXACA,355,SANTA ANA CUAUHTÉMOC
1371,OAXACA,356,SANTA ANA DEL VALLE
1372,OAXACA,357,SANTA ANA TAVELA
1373,OAXACA,358,SANTA ANA TLAPACOYAN
1374,OAXACA,359,SANTA ANA YARENI
1375,OAXACA,360,SANTA ANA ZEGACHE
1376,OAXACA,361,SANTA CATALINA QUIERÍ
1377,OAXACA,362,SANTA CATARINA CUIXTLA
1378,OAXACA,363,SANTA CATARINA IXTEPEJI
1379,OAXACA,364,SANTA CATARINA JUQUILA
1380,OAXACA,365,SANTA CATARINA LACHATAO
1381,OAXACA,366,SANTA CATARINA LOXICHA
1382,OAXACA,367,SANTA CATARINA MECHOACÁN
1383,OAXACA,368,SANTA CATARINA MINAS
1384,OAXACA,369,SANTA CATARINA QUIANÉ
1385,OAXACA,370,SANTA CATARINA TAYATA
1386,OAXACA,371,SANTA CATARINA TICUÁ
1387,OAXACA,372,SANTA CATARINA YOSONOTÚ
1388,OAXACA,373,SANTA CATARINA ZAPOQUILA
1389,OAXACA,374,SANTA CRUZ ACATEPEC
1390,OAXACA,375,SANTA CRUZ AMILPAS
1391,OAXACA,376,SANTA CRUZ DE BRAVO
1392,OAXACA,377,SANTA CRUZ ITUNDUJIA
1393,OAXACA,378,SANTA CRUZ MIXTEPEC
1394,OAXACA,379,SANTA CRUZ NUNDACO
1395,OAXACA,380,SANTA CRUZ PAPALUTLA
1396,OAXACA,381,SANTA CRUZ TACACHE DE MINA
1397,OAXACA,382,SANTA CRUZ TACAHUA
1398,OAXACA,383,SANTA CRUZ TAYATA
1399,OAXACA,384,SANTA CRUZ XITLA
1400,OAXACA,385,SANTA CRUZ XOXOCOTLÁN
1401,OAXACA,386,SANTA CRUZ ZENZONTEPEC
1402,OAXACA,387,SANTA GERTRUDIS
1403,OAXACA,388,SANTA INÉS DEL MONTE
1404,OAXACA,389,SANTA INÉS YATZECHE
1405,OAXACA,390,SANTA LUCÍA DEL CAMINO
1406,OAXACA,391,SANTA LUCÍA MIAHUATLÁN
1407,OAXACA,392,SANTA LUCÍA MONTEVERDE
1408,OAXACA,393,SANTA LUCÍA OCOTLÁN
1409,OAXACA,394,SANTA MARÍA ALOTEPEC
1410,OAXACA,395,SANTA MARÍA APAZCO
1411,OAXACA,396,SANTA MARÍA LA ASUNCIÓN
1412,OAXACA,397,HEROICA CIUDAD DE TLAXIACO
1413,OAXACA,398,AYOQUEZCO DE ALDAMA
1414,OAXACA,399,SANTA MARÍA ATZOMPA
1415,OAXACA,400,SANTA MARÍA CAMOTLÁN
1416,OAXACA,401,SANTA MARÍA COLOTEPEC
1417,OAXACA,402,SANTA MARÍA CORTIJO
1418,OAXACA,403,SANTA MARÍA COYOTEPEC
1419,OAXACA,404,SANTA MARÍA CHACHOÁPAM
1420,OAXACA,405,VILLA DE CHILAPA DE DÍAZ
1421,OAXACA,406,SANTA MARÍA CHILCHOTLA
1422,OAXACA,407,SANTA MARÍA CHIMALAPA
1423,OAXACA,408,SANTA MARÍA DEL ROSARIO
1424,OAXACA,409,SANTA MARÍA DEL TULE
1425,OAXACA,410,SANTA MARÍA ECATEPEC
1426,OAXACA,411,SANTA MARÍA GUELACÉ
1427,OAXACA,412,SANTA MARÍA GUIENAGATI
1428,OAXACA,413,SANTA MARÍA HUATULCO
1429,OAXACA,414,SANTA MARÍA HUAZOLOTITLÁN
1430,OAXACA,415,SANTA MARÍA IPALAPA
1431,OAXACA,416,SANTA MARÍA IXCATLÁN
1432,OAXACA,417,SANTA MARÍA JACATEPEC
1433,OAXACA,418,SANTA MARÍA JALAPA DEL MARQUÉS
1434,OAXACA,419,SANTA MARÍA JALTIANGUIS
1435,OAXACA,420,SANTA MARÍA LACHIXÍO
1436,OAXACA,421,SANTA MARÍA MIXTEQUILLA
1437,OAXACA,422,SANTA MARÍA NATIVITAS
1438,OAXACA,423,SANTA MARÍA NDUAYACO
1439,OAXACA,424,SANTA MARÍA OZOLOTEPEC
1440,OAXACA,425,SANTA MARÍA PÁPALO
1441,OAXACA,426,SANTA MARÍA PEÑOLES
1442,OAXACA,427,SANTA MARÍA PETAPA
1443,OAXACA,428,SANTA MARÍA QUIEGOLANI
1444,OAXACA,429,SANTA MARÍA SOLA
1445,OAXACA,430,SANTA MARÍA TATALTEPEC
1446,OAXACA,431,SANTA MARÍA TECOMAVACA
1447,OAXACA,432,SANTA MARÍA TEMAXCALAPA
1448,OAXACA,433,SANTA MARÍA TEMAXCALTEPEC
1449,OAXACA,434,SANTA MARÍA TEOPOXCO
1450,OAXACA,435,SANTA MARÍA TEPANTLALI
1451,OAXACA,436,SANTA MARÍA TEXCATITLÁN
1452,OAXACA,437,SANTA MARÍA TLAHUITOLTEPEC
1453,OAXACA,438,SANTA MARÍA TLALIXTAC
1454,OAXACA,439,SANTA MARÍA TONAMECA
1455,OAXACA,440,SANTA MARÍA TOTOLAPILLA
1456,OAXACA,441,SANTA MARÍA XADANI
1457,OAXACA,442,SANTA MARÍA YALINA
1458,OAXACA,443,SANTA MARÍA YAVESÍA
1459,OAXACA,444,SANTA MARÍA YOLOTEPEC
1460,OAXACA,445,SANTA MARÍA YOSOYÚA
1461,OAXACA,446,SANTA MARÍA YUCUHITI
1462,OAXACA,447,SANTA MARÍA ZACATEPEC
1463,OAXACA,448,SANTA MARÍA ZANIZA
1464,OAXACA,449,SANTA MARÍA ZOQUITLÁN
1465,OAXACA,450,SANTIAGO AMOLTEPEC
1466,OAXACA,451,SANTIAGO APOALA
1467,OAXACA,452,SANTIAGO APÓSTOL
1468,OAXACA,453,SANTIAGO ASTATA
1469,OAXACA,454,SANTIAGO ATITLÁN
1470,OAXACA,455,SANTIAGO AYUQUILILLA
1471,OAXACA,456,SANTIAGO CACALOXTEPEC
1472,OAXACA,457,SANTIAGO CAMOTLÁN
1473,OAXACA,458,SANTIAGO COMALTEPEC
1474,OAXACA,459,VILLA DE SANTIAGO CHAZUMBA
1475,OAXACA,460,SANTIAGO CHOÁPAM
1476,OAXACA,461,SANTIAGO DEL RÍO
1477,OAXACA,462,SANTIAGO HUAJOLOTITLÁN
1478,OAXACA,463,SANTIAGO HUAUCLILLA
1479,OAXACA,464,SANTIAGO IHUITLÁN PLUMAS
1480,OAXACA,465,SANTIAGO IXCUINTEPEC
1481,OAXACA,466,SANTIAGO IXTAYUTLA
1482,OAXACA,467,SANTIAGO JAMILTEPEC
1483,OAXACA,468,SANTIAGO JOCOTEPEC
1484,OAXACA,469,SANTIAGO JUXTLAHUACA
1485,OAXACA,470,SANTIAGO LACHIGUIRI
1486,OAXACA,471,SANTIAGO LALOPA
1487,OAXACA,472,SANTIAGO LAOLLAGA
1488,OAXACA,473,SANTIAGO LAXOPA
1489,OAXACA,474,SANTIAGO LLANO GRANDE
1490,OAXACA,475,SANTIAGO MATATLÁN
1491,OAXACA,476,SANTIAGO MILTEPEC
1492,OAXACA,477,SANTIAGO MINAS
1493,OAXACA,478,SANTIAGO NACALTEPEC
1494,OAXACA,479,SANTIAGO NEJAPILLA
1495,OAXACA,480,SANTIAGO NUNDICHE
1496,OAXACA,481,SANTIAGO NUYOÓ
1497,OAXACA,482,SANTIAGO PINOTEPA NACIONAL
1498,OAXACA,483,SANTIAGO SUCHILQUITONGO
1499,OAXACA,484,SANTIAGO TAMAZOLA
1500,OAXACA,485,SANTIAGO TAPEXTLA
1501,OAXACA,486,VILLA TEJÚPAM DE LA UNIÓN
1502,OAXACA,487,SANTIAGO TENANGO
1503,OAXACA,488,SANTIAGO TEPETLAPA
1504,OAXACA,489,SANTIAGO TETEPEC
1505,OAXACA,490,SANTIAGO TEXCALCINGO
1506,OAXACA,491,SANTIAGO TEXTITLÁN
1507,OAXACA,492,SANTIAGO TILANTONGO
1508,OAXACA,493,SANTIAGO TILLO
1509,OAXACA,494,SANTIAGO TLAZOYALTEPEC
1510,OAXACA,495,SANTIAGO XANICA
1511,OAXACA,496,SANTIAGO XIACUÍ
1512,OAXACA,497,SANTIAGO YAITEPEC
1513,OAXACA,498,SANTIAGO YAVEO
1514,OAXACA,499,SANTIAGO YOLOMÉCATL
1515,OAXACA,500,SANTIAGO YOSONDÚA
1516,OAXACA,501,SANTIAGO YUCUYACHI
1517,OAXACA,502,SANTIAGO ZACATEPEC
1518,OAXACA,503,SANTIAGO ZOOCHILA
1519,OAXACA,504,NUEVO ZOQUIÁPAM
1520,OAXACA,505,SANTO DOMINGO INGENIO
1521,OAXACA,506,SANTO DOMINGO ALBARRADAS
1522,OAXACA,507,SANTO DOMINGO ARMENTA
1523,OAXACA,508,SANTO DOMINGO CHIHUITÁN
1524,OAXACA,509,SANTO DOMINGO DE MORELOS
1525,OAXACA,510,SANTO DOMINGO IXCATLÁN
1526,OAXACA,511,SANTO DOMINGO NUXAÁ
1527,OAXACA,512,SANTO DOMINGO OZOLOTEPEC
1528,OAXACA,513,SANTO DOMINGO PETAPA
1529,OAXACA,514,SANTO DOMINGO ROAYAGA
1530,OAXACA,515,SANTO DOMINGO TEHUANTEPEC
1531,OAXACA,516,SANTO DOMINGO TEOJOMULCO
1532,OAXACA,517,SANTO DOMINGO TEPUXTEPEC
1533,OAXACA,518,SANTO DOMINGO TLATAYÁPAM
1534,OAXACA,519,SANTO DOMINGO TOMALTEPEC
1535,OAXACA,520,SANTO DOMINGO TONALÁ
1536,OAXACA,521,SANTO DOMINGO TONALTEPEC
1537,OAXACA,522,SANTO DOMINGO XAGACÍA
1538,OAXACA,523,SANTO DOMINGO YANHUITLÁN
1539,OAXACA,524,SANTO DOMINGO YODOHINO
1540,OAXACA,525,SANTO DOMINGO ZANATEPEC
1541,OAXACA,526,SANTOS REYES NOPALA
1542,OAXACA,527,SANTOS REYES PÁPALO
1543,OAXACA,528,SANTOS REYES TEPEJILLO
1544,OAXACA,529,SANTOS REYES YUCUNÁ
1545,OAXACA,530,SANTO TOMÁS JALIEZA
1546,OAXACA,531,SANTO TOMÁS MAZALTEPEC
1547,OAXACA,532,SANTO TOMÁS OCOTEPEC
1548,OAXACA,533,SANTO TOMÁS TAMAZULAPAN
1549,OAXACA,534,SAN VICENTE COATLÁN
1550,OAXACA,535,SAN VICENTE LACHIXÍO
1551,OAXACA,536,SAN VICENTE NUÑÚ
1552,OAXACA,537,SILACAYOÁPAM
1553,OAXACA,538,SITIO DE XITLAPEHUA
1554,OAXACA,539,SOLEDAD ETLA
1555,OAXACA,540,VILLA DE TAMAZULÁPAM DEL PROGRESO
1556,OAXACA,541,TANETZE DE ZARAGOZA
1557,OAXACA,542,TANICHE
1558,OAXACA,543,TATALTEPEC DE VALDÉS
1559,OAXACA,544,TEOCOCUILCO DE MARCOS PÉREZ
1560,OAXACA,545,TEOTITLÁN DE FLORES MAGÓN
1561,OAXACA,546,TEOTITLÁN DEL VALLE
1562,OAXACA,547,TEOTONGO
1563,OAXACA,548,TEPELMEME VILLA DE MORELOS
1564,OAXACA,549,"HEROICA VILLA TEZOATLÁN DE SEGURA Y LUNA, CUNA DE LA INDEPENDENCIA DE OAXACA"
1565,OAXACA,550,SAN JERÓNIMO TLACOCHAHUAYA
1566,OAXACA,551,TLACOLULA DE MATAMOROS
1567,OAXACA,552,TLACOTEPEC PLUMAS
1568,OAXACA,553,TLALIXTAC DE CABRERA
1569,OAXACA,554,TOTONTEPEC VILLA DE MORELOS
1570,OAXACA,555,TRINIDAD ZAACHILA
1571,OAXACA,556,LA TRINIDAD VISTA HERMOSA
1572,OAXACA,557,UNIÓN HIDALGO
1573,OAXACA,558,VALERIO TRUJANO
1574,OAXACA,559,SAN JUAN BAUTISTA VALLE NACIONAL
1575,OAXACA,560,VILLA DÍAZ ORDAZ
1576,OAXACA,561,YAXE
1577,OAXACA,562,MAGDALENA YODOCONO DE PORFIRIO DÍAZ
1578,OAXACA,563,YOGANA
1579,OAXACA,564,YUTANDUCHI DE GUERRERO
1580,OAXACA,565,VILLA DE ZAACHILA
1581,OAXACA,566,SAN MATEO YUCUTINDOO
1582,OAXACA,567,ZAPOTITLÁN LAGUNAS
1583,OAXACA,568,ZAPOTITLÁN PALMAS
1584,OAXACA,569,SANTA INÉS DE ZARAGOZA
1585,OAXACA,570,ZIMATLÁN DE ÁLVAREZ
1586,PUEBLA,1,ACAJETE
1587,PUEBLA,2,ACATENO
1588,PUEBLA,3,ACATLÁN
1589,PUEBLA,4,ACATZINGO
1590,PUEBLA,5,ACTEOPAN
1591,PUEBLA,6,AHUACATLÁN
1592,PUEBLA,7,AHUATLÁN
1593,PUEBLA,8,AHUAZOTEPEC
1594,PUEBLA,9,AHUEHUETITLA
1595,PUEBLA,10,AJALPAN
1596,PUEBLA,11,ALBINO ZERTUCHE
1597,PUEBLA,12,ALJOJUCA
1598,PUEBLA,13,ALTEPEXI
1599,PUEBLA,14,AMIXTLÁN
1600,PUEBLA,15,AMOZOC
1601,PUEBLA,16,AQUIXTLA
1602,PUEBLA,17,ATEMPAN
1603,PUEBLA,18,ATEXCAL
1604,PUEBLA,19,ATLIXCO
1605,PUEBLA,20,ATOYATEMPAN
1606,PUEBLA,21,ATZALA
1607,PUEBLA,22,ATZITZIHUACÁN
1608,PUEBLA,23,ATZITZINTLA
1609,PUEBLA,24,AXUTLA
1610,PUEBLA,25,AYOTOXCO DE GUERRERO
1611,PUEBLA,26,CALPAN
1612,PUEBLA,27,CALTEPEC
1613,PUEBLA,28,CAMOCUAUTLA
1614,PUEBLA,29,CAXHUACAN
1615,PUEBLA,30,COATEPEC
1616,PUEBLA,31,COATZINGO
1617,PUEBLA,32,COHETZALA
1618,PUEBLA,33,COHUECAN
1619,PUEBLA,34,CORONANGO
1620,PUEBLA,35,COXCATLÁN
1621,PUEBLA,36,COYOMEAPAN
1622,PUEBLA,37,COYOTEPEC
1623,PUEBLA,38,CUAPIAXTLA DE MADERO
1624,PUEBLA,39,CUAUTEMPAN
1625,PUEBLA,40,CUAUTINCHÁN
1626,PUEBLA,41,CUAUTLANCINGO
1627,PUEBLA,42,CUAYUCA DE ANDRADE
1628,PUEBLA,43,CUETZALAN DEL PROGRESO
1629,PUEBLA,44,CUYOACO
1630,PUEBLA,45,CHALCHICOMULA DE SESMA
1631,PUEBLA,46,CHAPULCO
1632,PUEBLA,47,CHIAUTLA
1633,PUEBLA,48,CHIAUTZINGO
1634,PUEBLA,49,CHICONCUAUTLA
1635,PUEBLA,50,CHICHIQUILA
1636,PUEBLA,51,CHIETLA
1637,PUEBLA,52,CHIGMECATITLÁN
1638,PUEBLA,53,CHIGNAHUAPAN
1639,PUEBLA,54,CHIGNAUTLA
1640,PUEBLA,55,CHILA
1641,PUEBLA,56,CHILA DE LA SAL
1642,PUEBLA,57,HONEY
1643,PUEBLA,58,CHILCHOTLA
1644,PUEBLA,59,CHINANTLA
1645,PUEBLA,60,DOMINGO ARENAS
1646,PUEBLA,61,ELOXOCHITLÁN
1647,PUEBLA,62,EPATLÁN
1648,PUEBLA,63,ESPERANZA
1649,PUEBLA,64,FRANCISCO Z. MENA
1650,PUEBLA,65,GENERAL FELIPE ÁNGELES
1651,PUEBLA,66,GUADALUPE
1652,PUEBLA,67,GUADALUPE VICTORIA
1653,PUEBLA,68,HERMENEGILDO GALEANA
1654,PUEBLA,69,HUAQUECHULA
1655,PUEBLA,70,HUATLATLAUCA
1656,PUEBLA,71,HUAUCHINANGO
1657,PUEBLA,72,HUEHUETLA
1658,PUEBLA,73,HUEHUETLÁN EL CHICO
1659,PUEBLA,74,HUEJOTZINGO
1660,PUEBLA,75,HUEYAPAN
1661,PUEBLA,76,HUEYTAMALCO
1662,PUEBLA,77,HUEYTLALPAN
1663,PUEBLA,78,HUITZILAN DE SERDÁN
1664,PUEBLA,79,HUITZILTEPEC
1665,PUEBLA,80,ATLEQUIZAYAN
1666,PUEBLA,81,IXCAMILPA DE GUERRERO
1667,PUEBLA,82,IXCAQUIXTLA
1668,PUEBLA,83,IXTACAMAXTITLÁN
1669,PUEBLA,84,IXTEPEC
1670,PUEBLA,85,IZÚCAR DE MATAMOROS
1671,PUEBLA,86,JALPAN
1672,PUEBLA,87,JOLALPAN
1673,PUEBLA,88,JONOTLA
1674,PUEBLA,89,JOPALA
1675,PUEBLA,90,JUAN C. BONILLA
1676,PUEBLA,91,JUAN GALINDO
1677,PUEBLA,92,JUAN N. MÉNDEZ
1678,PUEBLA,93,LAFRAGUA
1679,PUEBLA,94,LIBRES
1680,PUEBLA,95,LA MAGDALENA TLATLAUQUITEPEC
1681,PUEBLA,96,MAZAPILTEPEC DE JUÁREZ
1682,PUEBLA,97,MIXTLA
1683,PUEBLA,98,MOLCAXAC
1684,PUEBLA,99,CAÑADA MORELOS
1685,PUEBLA,100,NAUPAN
1686,PUEBLA,101,NAUZONTLA
1687,PUEBLA,102,NEALTICAN
1688,PUEBLA,103,NICOLÁS BRAVO
1689,PUEBLA,104,NOPALUCAN
1690,PUEBLA,105,OCOTEPEC
1691,PUEBLA,106,OCOYUCAN
1692,PUEBLA,107,OLINTLA
1693,PUEBLA,108,ORIENTAL
1694,PUEBLA,109,PAHUATLÁN
1695,PUEBLA,110,PALMAR DE BRAVO
1696,PUEBLA,111,PANTEPEC
1697,PUEBLA,112,PETLALCINGO
1698,PUEBLA,113,PIAXTLA
1699,PUEBLA,114,PUEBLA
1700,PUEBLA,115,QUECHOLAC
1701,PUEBLA,116,QUIMIXTLÁN
1702,PUEBLA,117,RAFAEL LARA GRAJALES
1703,PUEBLA,118,LOS REYES DE JUÁREZ
1704,PUEBLA,119,SAN ANDRÉS CHOLULA
1705,PUEBLA,120,SAN ANTONIO CAÑADA
1706,PUEBLA,121,SAN DIEGO LA MESA TOCHIMILTZINGO
1707,PUEBLA,122,SAN FELIPE TEOTLALCINGO
1708,PUEBLA,123,SAN FELIPE TEPATLÁN
1709,PUEBLA,124,SAN GABRIEL CHILAC
1710,PUEBLA,125,SAN GREGORIO ATZOMPA
1711,PUEBLA,126,SAN JERÓNIMO TECUANIPAN
1712,PUEBLA,127,SAN JERÓNIMO XAYACATLÁN
1713,PUEBLA,128,SAN JOSÉ CHIAPA
1714,PUEBLA,129,SAN JOSÉ MIAHUATLÁN
1715,PUEBLA,130,SAN JUAN ATENCO
1716,PUEBLA,131,SAN JUAN ATZOMPA
1717,PUEBLA,132,SAN MARTÍN TEXMELUCAN
1718,PUEBLA,133,SAN MARTÍN TOTOLTEPEC
1719,PUEBLA,134,SAN MATÍAS TLALANCALECA
1720,PUEBLA,135,SAN MIGUEL IXITLÁN
1721,PUEBLA,136,SAN MIGUEL XOXTLA
1722,PUEBLA,137,SAN NICOLÁS BUENOS AIRES
1723,PUEBLA,138,SAN NICOLÁS DE LOS RANCHOS
1724,PUEBLA,139,SAN PABLO ANICANO
1725,PUEBLA,140,SAN PEDRO CHOLULA
1726,PUEBLA,141,SAN PEDRO YELOIXTLAHUACA
1727,PUEBLA,142,SAN SALVADOR EL SECO
1728,PUEBLA,143,SAN SALVADOR EL VERDE
1729,PUEBLA,144,SAN SALVADOR HUIXCOLOTLA
1730,PUEBLA,145,SAN SEBASTIÁN TLACOTEPEC
1731,PUEBLA,146,SANTA CATARINA TLALTEMPAN
1732,PUEBLA,147,SANTA INÉS AHUATEMPAN
1733,PUEBLA,148,SANTA ISABEL CHOLULA
1734,PUEBLA,149,SANTIAGO MIAHUATLÁN
1735,PUEBLA,150,HUEHUETLÁN EL GRANDE
1736,PUEBLA,151,SANTO TOMÁS HUEYOTLIPAN
1737,PUEBLA,152,SOLTEPEC
1738,PUEBLA,153,TECALI DE HERRERA
1739,PUEBLA,154,TECAMACHALCO
1740,PUEBLA,155,TECOMATLÁN
1741,PUEBLA,156,TEHUACÁN
1742,PUEBLA,157,TEHUITZINGO
1743,PUEBLA,158,TENAMPULCO
1744,PUEBLA,159,TEOPANTLÁN
1745,PUEBLA,160,TEOTLALCO
1746,PUEBLA,161,TEPANCO DE LÓPEZ
1747,PUEBLA,162,TEPANGO DE RODRÍGUEZ
1748,PUEBLA,163,TEPATLAXCO DE HIDALGO
1749,PUEBLA,164,TEPEACA
1750,PUEBLA,165,TEPEMAXALCO
1751,PUEBLA,166,TEPEOJUMA
1752,PUEBLA,167,TEPETZINTLA
1753,PUEBLA,168,TEPEXCO
1754,PUEBLA,169,TEPEXI DE RODRÍGUEZ
1755,PUEBLA,170,TEPEYAHUALCO
1756,PUEBLA,171,TEPEYAHUALCO DE CUAUHTÉMOC
1757,PUEBLA,172,TETELA DE OCAMPO
1758,PUEBLA,173,TETELES DE ÁVILA CASTILLO
1759,PUEBLA,174,TEZIUTLÁN
1760,PUEBLA,175,TIANGUISMANALCO
1761,PUEBLA,176,TILAPA
1762,PUEBLA,177,TLACOTEPEC DE BENITO JUÁREZ
1763,PUEBLA,178,TLACUILOTEPEC
1764,PUEBLA,179,TLACHICHUCA
1765,PUEBLA,180,TLAHUAPAN
1766,PUEBLA,181,TLALTENANGO
1767,PUEBLA,182,TLANEPANTLA
1768,PUEBLA,183,TLAOLA
1769,PUEBLA,184,TLAPACOYA
1770,PUEBLA,185,TLAPANALÁ
1771,PUEBLA,186,TLATLAUQUITEPEC
1772,PUEBLA,187,TLAXCO
1773,PUEBLA,188,TOCHIMILCO
1774,PUEBLA,189,TOCHTEPEC
1775,PUEBLA,190,TOTOLTEPEC DE GUERRERO
1776,PUEBLA,191,TULCINGO
1777,PUEBLA,192,TUZAMAPAN DE GALEANA
1778,PUEBLA,193,TZICATLACOYAN
1779,PUEBLA,194,VENUSTIANO CARRANZA
1780,PUEBLA,195,VICENTE GUERRERO
1781,PUEBLA,196,XAYACATLÁN DE BRAVO
1782,PUEBLA,197,XICOTEPEC
1783,PUEBLA,198,XICOTLÁN
1784,PUEBLA,199,XIUTETELCO
1785,PUEBLA,200,XOCHIAPULCO
1786,PUEBLA,201,XOCHILTEPEC
1787,PUEBLA,202,XOCHITLÁN DE VICENTE SUÁREZ
1788,PUEBLA,203,XOCHITLÁN TODOS SANTOS
1789,PUEBLA,204,YAONÁHUAC
1790,PUEBLA,205,YEHUALTEPEC
1791,PUEBLA,206,ZACAPALA
1792,PUEBLA,207,ZACAPOAXTLA
1793,PUEBLA,208,ZACATLÁN
1794,PUEBLA,209,ZAPOTITLÁN
1795,PUEBLA,210,ZAPOTITLÁN DE MÉNDEZ
1796,PUEBLA,211,ZARAGOZA
1797,PUEBLA,212,ZAUTLA
1798,PUEBLA,213,ZIHUATEUTLA
1799,PUEBLA,214,ZINACATEPEC
1800,PUEBLA,215,ZONGOZOTLA
1801,PUEBLA,216,ZOQUIAPAN
1802,PUEBLA,217,ZOQUITLÁN
1803,QUERÉTARO,1,AMEALCO DE BONFIL
1804,QUERÉTARO,2,PINAL DE AMOLES
1805,QUERÉTARO,3,ARROYO SECO
1806,QUERÉTARO,4,CADEREYTA DE MONTES
1807,QUERÉTARO,5,COLÓN
1808,QUERÉTARO,6,CORREGIDORA
1809,QUERÉTARO,7,EZEQUIEL MONTES
1810,QUERÉTARO,8,HUIMILPAN
1811,QUERÉTARO,9,JALPAN DE SERRA
1812,QUERÉTARO,10,LANDA DE MATAMOROS
1813,QUERÉTARO,11,EL MARQUÉS
1814,QUERÉTARO,12,PEDRO ESCOBEDO
1815,QUERÉTARO,13,PEÑAMILLER
1816,QUERÉTARO,14,QUERÉTARO
1817,QUERÉTARO,15,SAN JOAQUÍN
1818,QUERÉTARO,16,SAN JUAN DEL RÍO
1819,QUERÉTARO,17,TEQUISQUIAPAN
1820,QUERÉTARO,18,TOLIMÁN
1821,QUINTANA ROO,1,COZUMEL
1822,QUINTANA ROO,2,FELIPE CARRILLO PUERTO
1823,QUINTANA ROO,3,ISLA MUJERES
1824,QUINTANA ROO,4,OTHÓN P. BLANCO
1825,QUINTANA ROO,5,BENITO JUÁREZ
1826,QUINTANA ROO,6,JOSÉ MARÍA MORELOS
1827,QUINTANA ROO,7,LÁZARO CÁRDENAS
1828,QUINTANA ROO,8,SOLIDARIDAD
1829,QUINTANA ROO,9,TULUM
1830,QUINTANA ROO,10,BACALAR
1831,QUINTANA ROO,11,PUERTO MORELOS
1832,SAN LUIS POTOSÍ,1,AHUALULCO DEL SONIDO 13
1833,SAN LUIS POTOSÍ,2,ALAQUINES
1834,SAN LUIS POTOSÍ,3,AQUISMÓN
1835,SAN LUIS POTOSÍ,4,ARMADILLO DE LOS INFANTE
1836,SAN LUIS POTOSÍ,5,CÁRDENAS
1837,SAN LUIS POTOSÍ,6,CATORCE
1838,SAN LUIS POTOSÍ,7,CEDRAL
1839,SAN LUIS POTOSÍ,8,CERRITOS
1840,SAN LUIS POTOSÍ,9,CERRO DE SAN PEDRO
1841,SAN LUIS POTOSÍ,10,CIUDAD DEL MAÍZ
1842,SAN LUIS POTOSÍ,11,CIUDAD FERNÁNDEZ
1843,SAN LUIS POTOSÍ,12,TANCANHUITZ
1844,SAN LUIS POTOSÍ,13,CIUDAD VALLES
1845,SAN LUIS POTOSÍ,14,COXCATLÁN
1846,SAN LUIS POTOSÍ,15,CHARCAS
1847,SAN LUIS POTOSÍ,16,EBANO
1848,SAN LUIS POTOSÍ,17,GUADALCÁZAR
1849,SAN LUIS POTOSÍ,18,HUEHUETLÁN
1850,SAN LUIS POTOSÍ,19,LAGUNILLAS
1851,SAN LUIS POTOSÍ,20,MATEHUALA
1852,SAN LUIS POTOSÍ,21,MEXQUITIC DE CARMONA
1853,SAN LUIS POTOSÍ,22,MOCTEZUMA
1854,SAN LUIS POTOSÍ,23,RAYÓN
1855,SAN LUIS POTOSÍ,24,RIOVERDE
1856,SAN LUIS POTOSÍ,25,SALINAS
1857,SAN LUIS POTOSÍ,26,SAN ANTONIO
1858,SAN LUIS POTOSÍ,27,SAN CIRO DE ACOSTA
1859,SAN LUIS POTOSÍ,28,SAN LUIS POTOSÍ
1860,SAN LUIS POTOSÍ,29,SAN MARTÍN CHALCHICUAUTLA
1861,SAN LUIS POTOSÍ,30,SAN NICOLÁS TOLENTINO
1862,SAN LUIS POTOSÍ,31,SANTA CATARINA
1863,SAN LUIS POTOSÍ,32,SANTA MARÍA DEL RÍO
1864,SAN LUIS POTOSÍ,33,SANTO DOMINGO
1865,SAN LUIS POTOSÍ,34,SAN VICENTE TANCUAYALAB
1866,SAN LUIS POTOSÍ,35,SOLEDAD DE GRACIANO SÁNCHEZ
1867,SAN LUIS POTOSÍ,36,TAMASOPO
1868,SAN LUIS POTOSÍ,37,TAMAZUNCHALE
1869,SAN LUIS POTOSÍ,38,TAMPACÁN
1870,SAN LUIS POTOSÍ,39,TAMPAMOLÓN CORONA
1871,SAN LUIS POTOSÍ,40,TAMUÍN
1872,SAN LUIS POTOSÍ,41,TANLAJÁS
1873,SAN LUIS POTOSÍ,42,TANQUIÁN DE ESCOBEDO
1874,SAN LUIS POTOSÍ,43,TIERRA NUEVA
1875,SAN LUIS POTOSÍ,44,VANEGAS
1876,SAN LUIS POTOSÍ,45,VENADO
1877,SAN LUIS POTOSÍ,46,VILLA DE ARRIAGA
1878,SAN LUIS POTOSÍ,47,VILLA DE GUADALUPE
1879,SAN LUIS POTOSÍ,48,VILLA DE LA PAZ
1880,SAN LUIS POTOSÍ,49,VILLA DE RAMOS
1881,SAN LUIS POTOSÍ,50,VILLA DE REYES
1882,SAN LUIS POTOSÍ,51,VILLA HIDALGO
1883,SAN LUIS POTOSÍ,52,VILLA JUÁREZ
1884,SAN LUIS POTOSÍ,53,AXTLA DE TERRAZAS
1885,SAN LUIS POTOSÍ,54,XILITLA
1886,SAN LUIS POTOSÍ,55,ZARAGOZA
1887,SAN LUIS POTOSÍ,56,VILLA DE ARISTA
1888,SAN LUIS POTOSÍ,57,MATLAPA
1889,SAN LUIS POTOSÍ,58,EL NARANJO
1890,SAN LUIS POTOSÍ,59,VILLA DE POZOS
1891,SINALOA,1,AHOME
1892,SINALOA,2,ANGOSTURA
1893,SINALOA,3,BADIRAGUATO
1894,SINALOA,4,CONCORDIA
1895,SINALOA,5,COSALÁ
1896,SINALOA,6,CULIACÁN
1897,SINALOA,7,CHOIX
1898,SINALOA,8,ELOTA
1899,SINALOA,9,ESCUINAPA
1900,SINALOA,10,EL FUERTE
1901,SINALOA,11,GUASAVE
1902,SINALOA,12,MAZATLÁN
1903,SINALOA,13,MOCORITO
1904,SINALOA,14,ROSARIO
1905,SINALOA,15,SALVADOR ALVARADO
1906,SINALOA,16,SAN IGNACIO
1907,SINALOA,17,SINALOA
1908,SINALOA,18,NAVOLATO
1909,SINALOA,19,ELDORADO
1910,SINALOA,20,JUAN JOSÉ RÍOS
1911,SONORA,1,ACONCHI
1912,SONORA,2,AGUA PRIETA
1913,SONORA,3,ÁLAMOS
1914,SONORA,4,ALTAR
1915,SONORA,5,ARIVECHI
1916,SONORA,6,ARIZPE
1917,SONORA,7,ATIL
1918,SONORA,8,BACADÉHUACHI
1919,SONORA,9,BACANORA
1920,SONORA,10,BACERAC
1921,SONORA,11,BACOACHI
1922,SONORA,12,BÁCUM
1923,SONORA,13,BANÁMICHI
1924,SONORA,14,BAVIÁCORA
1925,SONORA,15,BAVISPE
1926,SONORA,16,BENJAMÍN HILL
1927,SONORA,17,CABORCA
1928,SONORA,18,CAJEME
1929,SONORA,19,CANANEA
1930,SONORA,20,CARBÓ
1931,SONORA,21,LA COLORADA
1932,SONORA,22,CUCURPE
1933,SONORA,23,CUMPAS
1934,SONORA,24,DIVISADEROS
1935,SONORA,25,EMPALME
1936,SONORA,26,ETCHOJOA
1937,SONORA,27,FRONTERAS
1938,SONORA,28,GRANADOS
1939,SONORA,29,GUAYMAS
1940,SONORA,30,HERMOSILLO
1941,SONORA,31,HUACHINERA
1942,SONORA,32,HUÁSABAS
1943,SONORA,33,HUATABAMPO
1944,SONORA,34,HUÉPAC
1945,SONORA,35,IMURIS
1946,SONORA,36,MAGDALENA
1947,SONORA,37,MAZATÁN
1948,SONORA,38,MOCTEZUMA
1949,SONORA,39,NACO
1950,SONORA,40,NÁCORI CHICO
1951,SONORA,41,NACOZARI DE GARCÍA
1952,SONORA,42,NAVOJOA
1953,SONORA,43,NOGALES
1954,SONORA,44,ÓNAVAS
1955,SONORA,45,OPODEPE
1956,SONORA,46,OQUITOA
1957,SONORA,47,PITIQUITO
1958,SONORA,48,PUERTO PEÑASCO
1959,SONORA,49,QUIRIEGO
1960,SONORA,50,RAYÓN
1961,SONORA,51,ROSARIO
1962,SONORA,52,SAHUARIPA
1963,SONORA,53,SAN FELIPE DE JESÚS
1964,SONORA,54,SAN JAVIER
1965,SONORA,55,SAN LUIS RÍO COLORADO
1966,SONORA,56,SAN MIGUEL DE HORCASITAS
1967,SONORA,57,SAN PEDRO DE LA CUEVA
1968,SONORA,58,SANTA ANA
1969,SONORA,59,SANTA CRUZ
1970,SONORA,60,SÁRIC
1971,SONORA,61,SOYOPA
1972,SONORA,62,SUAQUI GRANDE
1973,SONORA,63,TEPACHE
1974,SONORA,64,TRINCHERAS
1975,SONORA,65,TUBUTAMA
1976,SONORA,66,URES
1977,SONORA,67,VILLA HIDALGO
1978,SONORA,68,VILLA PESQUEIRA
1979,SONORA,69,YÉCORA
1980,SONORA,70,GENERAL PLUTARCO ELÍAS CALLES
1981,SONORA,71,BENITO JUÁREZ
1982,SONORA,72,SAN IGNACIO RÍO MUERTO
1983,TABASCO,1,BALANCÁN
1984,TABASCO,2,CÁRDENAS
1985,TABASCO,3,CENTLA
1986,TABASCO,4,CENTRO
1987,TABASCO,5,COMALCALCO
1988,TABASCO,6,CUNDUACÁN
1989,TABASCO,7,EMILIANO ZAPATA
1990,TABASCO,8,HUIMANGUILLO
1991,TABASCO,9,JALAPA
1992,TABASCO,10,JALPA DE MÉNDEZ
1993,TABASCO,11,JONUTA
1994,TABASCO,12,MACUSPANA
1995,TABASCO,13,NACAJUCA
1996,TABASCO,14,PARAÍSO
1997,TABASCO,15,TACOTALPA
1998,TABASCO,16,TEAPA
1999,TABASCO,17,TENOSIQUE
2000,TAMAULIPAS,1,ABASOLO
2001,TAMAULIPAS,2,ALDAMA
2002,TAMAULIPAS,3,ALTAMIRA
2003,TAMAULIPAS,4,ANTIGUO MORELOS
2004,TAMAULIPAS,5,BURGOS
2005,TAMAULIPAS,6,BUSTAMANTE
2006,TAMAULIPAS,7,CAMARGO
2007,TAMAULIPAS,8,CASAS
2008,TAMAULIPAS,9,CIUDAD MADERO
2009,TAMAULIPAS,10,CRUILLAS
2010,TAMAULIPAS,11,GÓMEZ FARÍAS
2011,TAMAULIPAS,12,GONZÁLEZ
2012,TAMAULIPAS,13,GÜÉMEZ
2013,TAMAULIPAS,14,GUERRERO
2014,TAMAULIPAS,15,GUSTAVO DÍAZ ORDAZ
2015,TAMAULIPAS,16,HIDALGO
2016,TAMAULIPAS,17,JAUMAVE
2017,TAMAULIPAS,18,JIMÉNEZ
2018,TAMAULIPAS,19,LLERA
2019,TAMAULIPAS,20,MAINERO
2020,TAMAULIPAS,21,EL MANTE
2021,TAMAULIPAS,22,MATAMOROS
2022,TAMAULIPAS,23,MÉNDEZ
2023,TAMAULIPAS,24,MIER
2024,TAMAULIPAS,25,MIGUEL ALEMÁN
2025,TAMAULIPAS,26,MIQUIHUANA
2026,TAMAULIPAS,27,NUEVO LAREDO
2027,TAMAULIPAS,28,NUEVO MORELOS
2028,TAMAULIPAS,29,OCAMPO
2029,TAMAULIPAS,30,PADILLA
2030,TAMAULIPAS,31,PALMILLAS
2031,TAMAULIPAS,32,REYNOSA
2032,TAMAULIPAS,33,RÍO BRAVO
2033,TAMAULIPAS,34,SAN CARLOS
2034,TAMAULIPAS,35,SAN FERNANDO
2035,TAMAULIPAS,36,SAN NICOLÁS
2036,TAMAULIPAS,37,SOTO LA MARINA
2037,TAMAULIPAS,38,TAMPICO
2038,TAMAULIPAS,39,TULA
2039,TAMAULIPAS,40,VALLE HERMOSO
2040,TAMAULIPAS,41,VICTORIA
2041,TAMAULIPAS,42,VILLAGRÁN
2042,TAMAULIPAS,43,XICOTÉNCATL
2043,TLAXCALA,1,AMAXAC DE GUERRERO
2044,TLAXCALA,2,APETATITLÁN DE ANTONIO CARVAJAL
2045,TLAXCALA,3,ATLANGATEPEC
2046,TLAXCALA,4,ATLTZAYANCA
2047,TLAXCALA,5,APIZACO
2048,TLAXCALA,6,CALPULALPAN
2049,TLAXCALA,7,EL CARMEN TEQUEXQUITLA
2050,TLAXCALA,8,CUAPIAXTLA
2051,TLAXCALA,9,CUAXOMULCO
2052,TLAXCALA,10,CHIAUTEMPAN
2053,TLAXCALA,11,MUÑOZ DE DOMINGO ARENAS
2054,TLAXCALA,12,ESPAÑITA
2055,TLAXCALA,13,HUAMANTLA
2056,TLAXCALA,14,HUEYOTLIPAN
2057,TLAXCALA,15,IXTACUIXTLA DE MARIANO MATAMOROS
2058,TLAXCALA,16,IXTENCO
2059,TLAXCALA,17,MAZATECOCHCO DE JOSÉ MARÍA MORELOS
2060,TLAXCALA,18,CONTLA DE JUAN CUAMATZI
2061,TLAXCALA,19,TEPETITLA DE LARDIZÁBAL
2062,TLAXCALA,20,SANCTÓRUM DE LÁZARO CÁRDENAS
2063,TLAXCALA,21,NANACAMILPA DE MARIANO ARISTA
2064,TLAXCALA,22,ACUAMANALA DE MIGUEL HIDALGO
2065,TLAXCALA,23,NATÍVITAS
2066,TLAXCALA,24,PANOTLA
2067,TLAXCALA,25,SAN PABLO DEL MONTE
2068,TLAXCALA,26,SANTA CRUZ TLAXCALA
2069,TLAXCALA,27,TENANCINGO
2070,TLAXCALA,28,TEOLOCHOLCO
2071,TLAXCALA,29,TEPEYANCO
2072,TLAXCALA,30,TERRENATE
2073,TLAXCALA,31,TETLA DE LA SOLIDARIDAD
2074,TLAXCALA,32,TETLATLAHUCA
2075,TLAXCALA,33,TLAXCALA
2076,TLAXCALA,34,TLAXCO
2077,TLAXCALA,35,TOCATLÁN
2078,TLAXCALA,36,TOTOLAC
2079,TLAXCALA,37,ZILTLALTÉPEC DE TRINIDAD SÁNCHEZ SANTOS
2080,TLAXCALA,38,TZOMPANTEPEC
2081,TLAXCALA,39,XALOZTOC
2082,TLAXCALA,40,XALTOCAN
2083,TLAXCALA,41,PAPALOTLA DE XICOHTÉNCATL
2084,TLAXCALA,42,XICOHTZINCO
2085,TLAXCALA,43,YAUHQUEMEHCAN
2086,TLAXCALA,44,ZACATELCO
2087,TLAXCALA,45,BENITO JUÁREZ
2088,TLAXCALA,46,EMILIANO ZAPATA
2089,TLAXCALA,47,LÁZARO CÁRDENAS
2090,TLAXCALA,48,LA MAGDALENA TLALTELULCO
2091,TLAXCALA,49,SAN DAMIÁN TEXÓLOC
2092,TLAXCALA,50,SAN FRANCISCO TETLANOHCAN
2093,TLAXCALA,51,SAN JERÓNIMO ZACUALPAN
2094,TLAXCALA,52,SAN JOSÉ TEACALCO
2095,TLAXCALA,53,SAN JUAN HUACTZINCO
2096,TLAXCALA,54,SAN LORENZO AXOCOMANITLA
2097,TLAXCALA,55,SAN LUCAS TECOPILCO
2098,TLAXCALA,56,SANTA ANA NOPALUCAN
2099,TLAXCALA,57,SANTA APOLONIA TEACALCO
2100,TLAXCALA,58,SANTA CATARINA AYOMETLA
2101,TLAXCALA,59,SANTA CRUZ QUILEHTLA
2102,TLAXCALA,60,SANTA ISABEL XILOXOXTLA
2103,VERACRUZ DE IGNACIO DE LA LLAVE,1,ACAJETE
2104,VERACRUZ DE IGNACIO DE LA LLAVE,2,ACATLÁN
2105,VERACRUZ DE IGNACIO DE LA LLAVE,3,ACAYUCAN
2106,VERACRUZ DE IGNACIO DE LA LLAVE,4,ACTOPAN
2107,VERACRUZ DE IGNACIO DE LA LLAVE,5,ACULA
2108,VERACRUZ DE IGNACIO DE LA LLAVE,6,ACULTZINGO
2109,VERACRUZ DE IGNACIO DE LA LLAVE,7,CAMARÓN DE TEJEDA
2110,VERACRUZ DE IGNACIO DE LA LLAVE,8,ALPATLÁHUAC
2111,VERACRUZ DE IGNACIO DE LA LLAVE,9,ALTO LUCERO DE GUTIÉRREZ BARRIOS
2112,VERACRUZ DE IGNACIO DE LA LLAVE,10,ALTOTONGA
2113,VERACRUZ DE IGNACIO DE LA LLAVE,11,ALVARADO
2114,VERACRUZ DE IGNACIO DE LA LLAVE,12,AMATITLÁN
2115,VERACRUZ DE IGNACIO DE LA LLAVE,13,NARANJOS AMATLÁN
2116,VERACRUZ DE IGNACIO DE LA LLAVE,14,AMATLÁN DE LOS REYES
2117,VERACRUZ DE IGNACIO DE LA LLAVE,15,ANGEL R. CABADA
2118,VERACRUZ DE IGNACIO DE LA LLAVE,16,LA ANTIGUA
2119,VERACRUZ DE IGNACIO DE LA LLAVE,17,APAZAPAN
2120,VERACRUZ DE IGNACIO DE LA LLAVE,18,AQUILA
2121,VERACRUZ DE IGNACIO DE LA LLAVE,19,ASTACINGA
2122,VERACRUZ DE IGNACIO DE LA LLAVE,20,ATLAHUILCO
2123,VERACRUZ DE IGNACIO DE LA LLAVE,21,ATOYAC
2124,VERACRUZ DE IGNACIO DE LA LLAVE,22,ATZACAN
2125,VERACRUZ DE IGNACIO DE LA LLAVE,23,ATZALAN
2126,VERACRUZ DE IGNACIO DE LA LLAVE,24,TLALTETELA
2127,VERACRUZ DE IGNACIO DE LA LLAVE,25,AYAHUALULCO
2128,VERACRUZ DE IGNACIO DE LA LLAVE,26,BANDERILLA
2129,VERACRUZ DE IGNACIO DE LA LLAVE,27,BENITO JUÁREZ
2130,VERACRUZ DE IGNACIO DE LA LLAVE,28,BOCA DEL RÍO
2131,VERACRUZ DE IGNACIO DE LA LLAVE,29,CALCAHUALCO
2132,VERACRUZ DE IGNACIO DE LA LLAVE,30,CAMERINO Z. MENDOZA
2133,VERACRUZ DE IGNACIO DE LA LLAVE,31,CARRILLO PUERTO
2134,VERACRUZ DE IGNACIO DE LA LLAVE,32,CATEMACO
2135,VERACRUZ DE IGNACIO DE LA LLAVE,33,CAZONES DE HERRERA
2136,VERACRUZ DE IGNACIO DE LA LLAVE,34,CERRO AZUL
2137,VERACRUZ DE IGNACIO DE LA LLAVE,35,CITLALTÉPETL
2138,VERACRUZ DE IGNACIO DE LA LLAVE,36,COACOATZINTLA
2139,VERACRUZ DE IGNACIO DE LA LLAVE,37,COAHUITLÁN
2140,VERACRUZ DE IGNACIO DE LA LLAVE,38,COATEPEC
2141,VERACRUZ DE IGNACIO DE LA LLAVE,39,COATZACOALCOS
2142,VERACRUZ DE IGNACIO DE LA LLAVE,40,COATZINTLA
2143,VERACRUZ DE IGNACIO DE LA LLAVE,41,COETZALA
2144,VERACRUZ DE IGNACIO DE LA LLAVE,42,COLIPA
2145,VERACRUZ DE IGNACIO DE LA LLAVE,43,COMAPA
2146,VERACRUZ DE IGNACIO DE LA LLAVE,44,CÓRDOBA
2147,VERACRUZ DE IGNACIO DE LA LLAVE,45,COSAMALOAPAN DE CARPIO
2148,VERACRUZ DE IGNACIO DE LA LLAVE,46,COSAUTLÁN DE CARVAJAL
2149,VERACRUZ DE IGNACIO DE LA LLAVE,47,COSCOMATEPEC
2150,VERACRUZ DE IGNACIO DE LA LLAVE,48,COSOLEACAQUE
2151,VERACRUZ DE IGNACIO DE LA LLAVE,49,COTAXTLA
2152,VERACRUZ DE IGNACIO DE LA LLAVE,50,COXQUIHUI
2153,VERACRUZ DE IGNACIO DE LA LLAVE,51,COYUTLA
2154,VERACRUZ DE IGNACIO DE LA LLAVE,52,CUICHAPA
2155,VERACRUZ DE IGNACIO DE LA LLAVE,53,CUITLÁHUAC
2156,VERACRUZ DE IGNACIO DE LA LLAVE,54,CHACALTIANGUIS
2157,VERACRUZ DE IGNACIO DE LA LLAVE,55,CHALMA
2158,VERACRUZ DE IGNACIO DE LA LLAVE,56,CHICONAMEL
2159,VERACRUZ DE IGNACIO DE LA LLAVE,57,CHICONQUIACO
2160,VERACRUZ DE IGNACIO DE LA LLAVE,58,CHICONTEPEC
2161,VERACRUZ DE IGNACIO DE LA LLAVE,59,CHINAMECA
2162,VERACRUZ DE IGNACIO DE LA LLAVE,60,CHINAMPA DE GOROSTIZA
2163,VERACRUZ DE IGNACIO DE LA LLAVE,61,LAS CHOAPAS
2164,VERACRUZ DE IGNACIO DE LA LLAVE,62,CHOCAMÁN
2165,VERACRUZ DE IGNACIO DE LA LLAVE,63,CHONTLA
2166,VERACRUZ DE IGNACIO DE LA LLAVE,64,CHUMATLÁN
2167,VERACRUZ DE IGNACIO DE LA LLAVE,65,EMILIANO ZAPATA
2168,VERACRUZ DE IGNACIO DE LA LLAVE,66,ESPINAL
2169,VERACRUZ DE IGNACIO DE LA LLAVE,67,FILOMENO MATA
2170,VERACRUZ DE IGNACIO DE LA LLAVE,68,FORTÍN
2171,VERACRUZ DE IGNACIO DE LA LLAVE,69,GUTIÉRREZ ZAMORA
2172,VERACRUZ DE IGNACIO DE LA LLAVE,70,HIDALGOTITLÁN
2173,VERACRUZ DE IGNACIO DE LA LLAVE,71,HUATUSCO
2174,VERACRUZ DE IGNACIO DE LA LLAVE,72,HUAYACOCOTLA
2175,VERACRUZ DE IGNACIO DE LA LLAVE,73,HUEYAPAN DE OCAMPO
2176,VERACRUZ DE IGNACIO DE LA LLAVE,74,HUILOAPAN DE CUAUHTÉMOC
2177,VERACRUZ DE IGNACIO DE LA LLAVE,75,IGNACIO DE LA LLAVE
2178,VERACRUZ DE IGNACIO DE LA LLAVE,76,ILAMATLÁN
2179,VERACRUZ DE IGNACIO DE LA LLAVE,77,ISLA
2180,VERACRUZ DE IGNACIO DE LA LLAVE,78,IXCATEPEC
2181,VERACRUZ DE IGNACIO DE LA LLAVE,79,IXHUACÁN DE LOS REYES
2182,VERACRUZ DE IGNACIO DE LA LLAVE,80,IXHUATLÁN DEL CAFÉ
2183,VERACRUZ DE IGNACIO DE LA LLAVE,81,IXHUATLANCILLO
2184,VERACRUZ DE IGNACIO DE LA LLAVE,82,IXHUATLÁN DEL SURESTE
2185,VERACRUZ DE IGNACIO DE LA LLAVE,83,IXHUATLÁN DE MADERO
2186,VERACRUZ DE IGNACIO DE LA LLAVE,84,IXMATLAHUACAN
2187,VERACRUZ DE IGNACIO DE LA LLAVE,85,IXTACZOQUITLÁN
2188,VERACRUZ DE IGNACIO DE LA LLAVE,86,JALACINGO
2189,VERACRUZ DE IGNACIO DE LA LLAVE,87,XALAPA
2190,VERACRUZ DE IGNACIO DE LA LLAVE,88,JALCOMULCO
2191,VERACRUZ DE IGNACIO DE LA LLAVE,89,JÁLTIPAN
2192,VERACRUZ DE IGNACIO DE LA LLAVE,90,JAMAPA
2193,VERACRUZ DE IGNACIO DE LA LLAVE,91,JESÚS CARRANZA
2194,VERACRUZ DE IGNACIO DE LA LLAVE,92,XICO
2195,VERACRUZ DE IGNACIO DE LA LLAVE,93,JILOTEPEC
2196,VERACRUZ DE IGNACIO DE LA LLAVE,94,JUAN RODRÍGUEZ CLARA
2197,VERACRUZ DE IGNACIO DE LA LLAVE,95,JUCHIQUE DE FERRER
2198,VERACRUZ DE IGNACIO DE LA LLAVE,96,LANDERO Y COSS
2199,VERACRUZ DE IGNACIO DE LA LLAVE,97,LERDO DE TEJADA
2200,VERACRUZ DE IGNACIO DE LA LLAVE,98,MAGDALENA
2201,VERACRUZ DE IGNACIO DE LA LLAVE,99,MALTRATA
2202,VERACRUZ DE IGNACIO DE LA LLAVE,100,MANLIO FABIO ALTAMIRANO
2203,VERACRUZ DE IGNACIO DE LA LLAVE,101,MARIANO ESCOBEDO
2204,VERACRUZ DE IGNACIO DE LA LLAVE,102,MARTÍNEZ DE LA TORRE
2205,VERACRUZ DE IGNACIO DE LA LLAVE,103,MECATLÁN
2206,VERACRUZ DE IGNACIO DE LA LLAVE,104,MECAYAPAN
2207,VERACRUZ DE IGNACIO DE LA LLAVE,105,MEDELLÍN DE BRAVO
2208,VERACRUZ DE IGNACIO DE LA LLAVE,106,MIAHUATLÁN
2209,VERACRUZ DE IGNACIO DE LA LLAVE,107,LAS MINAS
2210,VERACRUZ DE IGNACIO DE LA LLAVE,108,MINATITLÁN
2211,VERACRUZ DE IGNACIO DE LA LLAVE,109,MISANTLA
2212,VERACRUZ DE IGNACIO DE LA LLAVE,110,MIXTLA DE ALTAMIRANO
2213,VERACRUZ DE IGNACIO DE LA LLAVE,111,MOLOACÁN
2214,VERACRUZ DE IGNACIO DE LA LLAVE,112,NAOLINCO
2215,VERACRUZ DE IGNACIO DE LA LLAVE,113,NARANJAL
2216,VERACRUZ DE IGNACIO DE LA LLAVE,114,NAUTLA
2217,VERACRUZ DE IGNACIO DE LA LLAVE,115,NOGALES
2218,VERACRUZ DE IGNACIO DE LA LLAVE,116,OLUTA
2219,VERACRUZ DE IGNACIO DE LA LLAVE,117,OMEALCA
2220,VERACRUZ DE IGNACIO DE LA LLAVE,118,ORIZABA
2221,VERACRUZ DE IGNACIO DE LA LLAVE,119,OTATITLÁN
2222,VERACRUZ DE IGNACIO DE LA LLAVE,120,OTEAPAN
2223,VERACRUZ DE IGNACIO DE LA LLAVE,121,OZULUAMA DE MASCAREÑAS
2224,VERACRUZ DE IGNACIO DE LA LLAVE,122,PAJAPAN
2225,VERACRUZ DE IGNACIO DE LA LLAVE,123,PÁNUCO
2226,VERACRUZ DE IGNACIO DE LA LLAVE,124,PAPANTLA
2227,VERACRUZ DE IGNACIO DE LA LLAVE,125,PASO DEL MACHO
2228,VERACRUZ DE IGNACIO DE LA LLAVE,126,PASO DE OVEJAS
2229,VERACRUZ DE IGNACIO DE LA LLAVE,127,LA PERLA
2230,VERACRUZ DE IGNACIO DE LA LLAVE,128,PEROTE
2231,VERACRUZ DE IGNACIO DE LA LLAVE,129,PLATÓN SÁNCHEZ
2232,VERACRUZ DE IGNACIO DE LA LLAVE,130,PLAYA VICENTE
2233,VERACRUZ DE IGNACIO DE LA LLAVE,131,POZA RICA DE HIDALGO
2234,VERACRUZ DE IGNACIO DE LA LLAVE,132,LAS VIGAS DE RAMÍREZ
2235,VERACRUZ DE IGNACIO DE LA LLAVE,133,PUEBLO VIEJO
2236,VERACRUZ DE IGNACIO DE LA LLAVE,134,PUENTE NACIONAL
2237,VERACRUZ DE IGNACIO DE LA LLAVE,135,RAFAEL DELGADO
2238,VERACRUZ DE IGNACIO DE LA LLAVE,136,RAFAEL LUCIO
2239,VERACRUZ DE IGNACIO DE LA LLAVE,137,LOS REYES
2240,VERACRUZ DE IGNACIO DE LA LLAVE,138,RÍO BLANCO
2241,VERACRUZ DE IGNACIO DE LA LLAVE,139,SALTABARRANCA
2242,VERACRUZ DE IGNACIO DE LA LLAVE,140,SAN ANDRÉS TENEJAPAN
2243,VERACRUZ DE IGNACIO DE LA LLAVE,141,SAN ANDRÉS TUXTLA
2244,VERACRUZ DE IGNACIO DE LA LLAVE,142,SAN JUAN EVANGELISTA
2245,VERACRUZ DE IGNACIO DE LA LLAVE,143,SANTIAGO TUXTLA
2246,VERACRUZ DE IGNACIO DE LA LLAVE,144,SAYULA DE ALEMÁN
2247,VERACRUZ DE IGNACIO DE LA LLAVE,145,SOCONUSCO
2248,VERACRUZ DE IGNACIO DE LA LLAVE,146,SOCHIAPA
2249,VERACRUZ DE IGNACIO DE LA LLAVE,147,SOLEDAD ATZOMPA
2250,VERACRUZ DE IGNACIO DE LA LLAVE,148,SOLEDAD DE DOBLADO
2251,VERACRUZ DE IGNACIO DE LA LLAVE,149,SOTEAPAN
2252,VERACRUZ DE IGNACIO DE LA LLAVE,150,TAMALÍN
2253,VERACRUZ DE IGNACIO DE LA LLAVE,151,TAMIAHUA
2254,VERACRUZ DE IGNACIO DE LA LLAVE,152,TAMPICO ALTO
2255,VERACRUZ DE IGNACIO DE LA LLAVE,153,TANCOCO
2256,VERACRUZ DE IGNACIO DE LA LLAVE,154,TANTIMA
2257,VERACRUZ DE IGNACIO DE LA LLAVE,155,TANTOYUCA
2258,VERACRUZ DE IGNACIO DE LA LLAVE,156,TATATILA
2259,VERACRUZ DE IGNACIO DE LA LLAVE,157,CASTILLO DE TEAYO
2260,VERACRUZ DE IGNACIO DE LA LLAVE,158,TECOLUTLA
2261,VERACRUZ DE IGNACIO DE LA LLAVE,159,TEHUIPANGO
2262,VERACRUZ DE IGNACIO DE LA LLAVE,160,ÁLAMO TEMAPACHE
2263,VERACRUZ DE IGNACIO DE LA LLAVE,161,TEMPOAL
2264,VERACRUZ DE IGNACIO DE LA LLAVE,162,TENAMPA
2265,VERACRUZ DE IGNACIO DE LA LLAVE,163,TENOCHTITLÁN
2266,VERACRUZ DE IGNACIO DE LA LLAVE,164,TEOCELO
2267,VERACRUZ DE IGNACIO DE LA LLAVE,165,TEPATLAXCO
2268,VERACRUZ DE IGNACIO DE LA LLAVE,166,TEPETLÁN
2269,VERACRUZ DE IGNACIO DE LA LLAVE,167,TEPETZINTLA
2270,VERACRUZ DE IGNACIO DE LA LLAVE,168,TEQUILA
2271,VERACRUZ DE IGNACIO DE LA LLAVE,169,JOSÉ AZUETA
2272,VERACRUZ DE IGNACIO DE LA LLAVE,170,TEXCATEPEC
2273,VERACRUZ DE IGNACIO DE LA LLAVE,171,TEXHUACÁN
2274,VERACRUZ DE IGNACIO DE LA LLAVE,172,TEXISTEPEC
2275,VERACRUZ DE IGNACIO DE LA LLAVE,173,TEZONAPA
2276,VERACRUZ DE IGNACIO DE LA LLAVE,174,TIERRA BLANCA
2277,VERACRUZ DE IGNACIO DE LA LLAVE,175,TIHUATLÁN
2278,VERACRUZ DE IGNACIO DE LA LLAVE,176,TLACOJALPAN
2279,VERACRUZ DE IGNACIO DE LA LLAVE,177,TLACOLULAN
2280,VERACRUZ DE IGNACIO DE LA LLAVE,178,TLACOTALPAN
2281,VERACRUZ DE IGNACIO DE LA LLAVE,179,TLACOTEPEC DE MEJÍA
2282,VERACRUZ DE IGNACIO DE LA LLAVE,180,TLACHICHILCO
2283,VERACRUZ DE IGNACIO DE LA LLAVE,181,TLALIXCOYAN
2284,VERACRUZ DE IGNACIO DE LA LLAVE,182,TLALNELHUAYOCAN
2285,VERACRUZ DE IGNACIO DE LA LLAVE,183,TLAPACOYAN
2286,VERACRUZ DE IGNACIO DE LA LLAVE,184,TLAQUILPA
2287,VERACRUZ DE IGNACIO DE LA LLAVE,185,TLILAPAN
2288,VERACRUZ DE IGNACIO DE LA LLAVE,186,TOMATLÁN
2289,VERACRUZ DE IGNACIO DE LA LLAVE,187,TONAYÁN
2290,VERACRUZ DE IGNACIO DE LA LLAVE,188,TOTUTLA
2291,VERACRUZ DE IGNACIO DE LA LLAVE,189,TUXPAN
2292,VERACRUZ DE IGNACIO DE LA LLAVE,190,TUXTILLA
2293,VERACRUZ DE IGNACIO DE LA LLAVE,191,URSULO GALVÁN
2294,VERACRUZ DE IGNACIO DE LA LLAVE,192,VEGA DE ALATORRE
2295,VERACRUZ DE IGNACIO DE LA LLAVE,193,VERACRUZ
2296,VERACRUZ DE IGNACIO DE LA LLAVE,194,VILLA ALDAMA
2297,VERACRUZ DE IGNACIO DE LA LLAVE,195,XOXOCOTLA
2298,VERACRUZ DE IGNACIO DE LA LLAVE,196,YANGA
2299,VERACRUZ DE IGNACIO DE LA LLAVE,197,YECUATLA
2300,VERACRUZ DE IGNACIO DE LA LLAVE,198,ZACUALPAN
2301,VERACRUZ DE IGNACIO DE LA LLAVE,199,ZARAGOZA
2302,VERACRUZ DE IGNACIO DE LA LLAVE,200,ZENTLA
2303,VERACRUZ DE IGNACIO DE LA LLAVE,201,ZONGOLICA
2304,VERACRUZ DE IGNACIO DE LA LLAVE,202,ZONTECOMATLÁN DE LÓPEZ Y FUENTES
2305,VERACRUZ DE IGNACIO DE LA LLAVE,203,ZOZOCOLCO DE HIDALGO
2306,VERACRUZ DE IGNACIO DE LA LLAVE,204,AGUA DULCE
2307,VERACRUZ DE IGNACIO DE LA LLAVE,205,EL HIGO
2308,VERACRUZ DE IGNACIO DE LA LLAVE,206,NANCHITAL DE LÁZARO CÁRDENAS DEL RÍO
2309,VERACRUZ DE IGNACIO DE LA LLAVE,207,TRES VALLES
2310,VERACRUZ DE IGNACIO DE LA LLAVE,208,CARLOS A. CARRILLO
2311,VERACRUZ DE IGNACIO DE LA LLAVE,209,TATAHUICAPAN DE JUÁREZ
2312,VERACRUZ DE IGNACIO DE LA LLAVE,210,UXPANAPA
2313,VERACRUZ DE IGNACIO DE LA LLAVE,211,SAN RAFAEL
2314,VERACRUZ DE IGNACIO DE LA LLAVE,212,SANTIAGO SOCHIAPAN
2315,YUCATÁN,1,ABALÁ
2316,YUCATÁN,2,ACANCEH
2317,YUCATÁN,3,AKIL
2318,YUCATÁN,4,BACA
2319,YUCATÁN,5,BOKOBÁ
2320,YUCATÁN,6,BUCTZOTZ
2321,YUCATÁN,7,CACALCHÉN
2322,YUCATÁN,8,CALOTMUL
2323,YUCATÁN,9,CANSAHCAB
2324,YUCATÁN,10,CANTAMAYEC
2325,YUCATÁN,11,CELESTÚN
2326,YUCATÁN,12,CENOTILLO
2327,YUCATÁN,13,CONKAL
2328,YUCATÁN,14,CUNCUNUL
2329,YUCATÁN,15,CUZAMÁ
2330,YUCATÁN,16,CHACSINKÍN
2331,YUCATÁN,17,CHANKOM
2332,YUCATÁN,18,CHAPAB
2333,YUCATÁN,19,CHEMAX
2334,YUCATÁN,20,CHICXULUB PUEBLO
2335,YUCATÁN,21,CHICHIMILÁ
2336,YUCATÁN,22,CHIKINDZONOT
2337,YUCATÁN,23,CHOCHOLÁ
2338,YUCATÁN,24,CHUMAYEL
2339,YUCATÁN,25,DZAN
2340,YUCATÁN,26,DZEMUL
2341,YUCATÁN,27,DZIDZANTÚN
2342,YUCATÁN,28,DZILAM DE BRAVO
2343,YUCATÁN,29,DZILAM GONZÁLEZ
2344,YUCATÁN,30,DZITÁS
2345,YUCATÁN,31,DZONCAUICH
2346,YUCATÁN,32,ESPITA
2347,YUCATÁN,33,HALACHÓ
2348,YUCATÁN,34,HOCABÁ
2349,YUCATÁN,35,HOCTÚN
2350,YUCATÁN,36,HOMÚN
2351,YUCATÁN,37,HUHÍ
2352,YUCATÁN,38,HUNUCMÁ
2353,YUCATÁN,39,IXIL
2354,YUCATÁN,40,IZAMAL
2355,YUCATÁN,41,KANASÍN
2356,YUCATÁN,42,KANTUNIL
2357,YUCATÁN,43,KAUA
2358,YUCATÁN,44,KINCHIL
2359,YUCATÁN,45,KOPOMÁ
2360,YUCATÁN,46,MAMA
2361,YUCATÁN,47,MANÍ
2362,YUCATÁN,48,MAXCANÚ
2363,YUCATÁN,49,MAYAPÁN
2364,YUCATÁN,50,MÉRIDA
2365,YUCATÁN,51,MOCOCHÁ
2366,YUCATÁN,52,MOTUL
2367,YUCATÁN,53,MUNA
2368,YUCATÁN,54,MUXUPIP
2369,YUCATÁN,55,OPICHÉN
2370,YUCATÁN,56,OXKUTZCAB
2371,YUCATÁN,57,PANABÁ
2372,YUCATÁN,58,PETO
2373,YUCATÁN,59,PROGRESO
2374,YUCATÁN,60,QUINTANA ROO
2375,YUCATÁN,61,RÍO LAGARTOS
2376,YUCATÁN,62,SACALUM
2377,YUCATÁN,63,SAMAHIL
2378,YUCATÁN,64,SANAHCAT
2379,YUCATÁN,65,SAN FELIPE
2380,YUCATÁN,66,SANTA ELENA
2381,YUCATÁN,67,SEYÉ
2382,YUCATÁN,68,SINANCHÉ
2383,YUCATÁN,69,SOTUTA
2384,YUCATÁN,70,SUCILÁ
2385,YUCATÁN,71,SUDZAL
2386,YUCATÁN,72,SUMA
2387,YUCATÁN,73,TAHDZIÚ
2388,YUCATÁN,74,TAHMEK
2389,YUCATÁN,75,TEABO
2390,YUCATÁN,76,TECOH
2391,YUCATÁN,77,TEKAL DE VENEGAS
2392,YUCATÁN,78,TEKANTÓ
2393,YUCATÁN,79,TEKAX
2394,YUCATÁN,80,TEKIT
2395,YUCATÁN,81,TEKOM
2396,YUCATÁN,82,TELCHAC PUEBLO
2397,YUCATÁN,83,TELCHAC PUERTO
2398,YUCATÁN,84,TEMAX
2399,YUCATÁN,85,TEMOZÓN
2400,YUCATÁN,86,TEPAKÁN
2401,YUCATÁN,87,TETIZ
2402,YUCATÁN,88,TEYA
2403,YUCATÁN,89,TICUL
2404,YUCATÁN,90,TIMUCUY
2405,YUCATÁN,91,TINUM
2406,YUCATÁN,92,TIXCACALCUPUL
2407,YUCATÁN,93,TIXKOKOB
2408,YUCATÁN,94,TIXMÉHUAC
2409,YUCATÁN,95,TIXPÉHUAL
2410,YUCATÁN,96,TIZIMÍN
2411,YUCATÁN,97,TUNKÁS
2412,YUCATÁN,98,TZUCACAB
2413,YUCATÁN,99,UAYMA
2414,YUCATÁN,100,UCÚ
2415,YUCATÁN,101,UMÁN
2416,YUCATÁN,102,VALLADOLID
2417,YUCATÁN,103,XOCCHEL
2418,YUCATÁN,104,YAXCABÁ
2419,YUCATÁN,105,YAXKUKUL
2420,YUCATÁN,106,YOBAÍN
2421,ZACATECAS,1,APOZOL
2422,ZACATECAS,2,APULCO
2423,ZACATECAS,3,ATOLINGA
2424,ZACATECAS,4,BENITO JUÁREZ
2425,ZACATECAS,5,CALERA
2426,ZACATECAS,6,CAÑITAS DE FELIPE PESCADOR
2427,ZACATECAS,7,CONCEPCIÓN DEL ORO
2428,ZACATECAS,8,CUAUHTÉMOC
2429,ZACATECAS,9,CHALCHIHUITES
2430,ZACATECAS,10,FRESNILLO
2431,ZACATECAS,11,TRINIDAD GARCÍA DE LA CADENA
2432,ZACATECAS,12,GENARO CODINA
2433,ZACATECAS,13,GENERAL ENRIQUE ESTRADA
2434,ZACATECAS,14,GENERAL FRANCISCO R. MURGUÍA
2435,ZACATECAS,15,EL PLATEADO DE JOAQUÍN AMARO
2436,ZACATECAS,16,GENERAL PÁNFILO NATERA
2437,ZACATECAS,17,GUADALUPE
2438,ZACATECAS,18,HUANUSCO
2439,ZACATECAS,19,JALPA
2440,ZACATECAS,20,JEREZ
2441,ZACATECAS,21,JIMÉNEZ DEL TEUL
2442,ZACATECAS,22,JUAN ALDAMA
2443,ZACATECAS,23,JUCHIPILA
2444,ZACATECAS,24,LORETO
2445,ZACATECAS,25,LUIS MOYA
2446,ZACATECAS,26,MAZAPIL
2447,ZACATECAS,27,MELCHOR OCAMPO
2448,ZACATECAS,28,MEZQUITAL DEL ORO
2449,ZACATECAS,29,MIGUEL AUZA
2450,ZACATECAS,30,MOMAX
2451,ZACATECAS,31,MONTE ESCOBEDO
2452,ZACATECAS,32,MORELOS
2453,ZACATECAS,33,MOYAHUA DE ESTRADA
2454,ZACATECAS,34,NOCHISTLÁN DE MEJÍA
2455,ZACATECAS,35,NORIA DE ÁNGELES
2456,ZACATECAS,36,OJOCALIENTE
2457,ZACATECAS,37,PÁNUCO
2458,ZACATECAS,38,PINOS
2459,ZACATECAS,39,RÍO GRANDE
2460,ZACATECAS,40,SAIN ALTO
2461,ZACATECAS,41,EL SALVADOR
2462,ZACATECAS,42,SOMBRERETE
2463,ZACATECAS,43,SUSTICACÁN
2464,ZACATECAS,44,TABASCO
2465,ZACATECAS,45,TEPECHITLÁN
2466,ZACATECAS,46,TEPETONGO
2467,ZACATECAS,47,TEÚL DE GONZÁLEZ ORTEGA
2468,ZACATECAS,48,TLALTENANGO DE SÁNCHEZ ROMÁN
2469,ZACATECAS,49,VALPARAÍSO
2470,ZACATECAS,50,VETAGRANDE
2471,ZACATECAS,51,VILLA DE COS
2472,ZACATECAS,52,VILLA GARCÍA
2473,ZACATECAS,53,VILLA GONZÁLEZ ORTEGA
2474,ZACATECAS,54,VILLA HIDALGO
2475,ZACATECAS,55,VILLANUEVA
2476,ZACATECAS,56,ZACATECAS
2477,ZACATECAS,57,TRANCOSO
2478,ZACATECAS,58,SANTA MARÍA DE LA PAZ
